initial_buy,market_cap,price,sol_amount,target
1061325.409773,28.014385,2.8014385227288803e-08,0.02970297,1
40876190.447028,30.21742,3.021742016057939e-08,1.188118811,1
103363853.237102,34.237605,3.423760542738696e-08,3.198019801,0
34281150.129545,29.834925,2.98349250260212e-08,0.990099009,0
153285714.285714,38.055297,3.805529667598631e-08,5.0,0
50613207.51952,30.795731,3.079573087755936e-08,1.485148514,1
50613207.51952,30.795731,3.079573087755936e-08,1.485148514,0
34281150.129545,29.834925,2.98349250260212e-08,0.990099009,0
66439628.45773,31.771763,3.177176344623955e-08,1.980198019,0
81783536.562398,32.763023,3.276302273206171e-08,2.475247524,0
2000786.785987,28.063554,2.806355421939288e-08,0.056044489,1
40876190.447028,30.21742,3.021742016057939e-08,1.188118811,0
153285714.285714,38.055297,3.805529667598631e-08,5.0,0
44142405.034639,30.409581,3.040958133088704e-08,1.287128712,0
10519607.80911,28.515378,2.851537771866636e-08,0.297029702,1
35951030.927835,29.931084,2.993108418763591e-08,1.04,1
57003124.97333,31.184317,3.1184316698974405e-08,1.683168316,1
66439628.45773,31.771763,3.177176344623955e-08,1.980198019,0
34281150.129545,29.834925,2.98349250260212e-08,0.990099009,0
66439628.45773,31.771763,3.177176344623955e-08,1.980198019,0
96666666.645849,33.769509,3.376950873502591e-08,2.970297029,0
10519607.80911,28.515378,2.851537771866636e-08,0.297029702,1
50613207.51952,30.795731,3.079573087755936e-08,1.485148514,1
34281150.129545,29.834925,2.98349250260212e-08,0.990099009,0
96666666.645849,33.769509,3.376950873502591e-08,2.970297029,0
66439628.45773,31.771763,3.177176344623955e-08,1.980198019,1
40876190.447028,30.21742,3.021742016057939e-08,1.188118811,0
66439628.45773,31.771763,3.177176344623955e-08,1.980198019,1
3529605.227977,28.143846,2.814384582045034e-08,0.0990099,1
43816714.124635,30.390338,3.0390337805959745e-08,1.277227722,0
66439628.45773,31.771763,3.177176344623955e-08,1.980198019,0
34281150.129545,29.834925,2.98349250260212e-08,0.990099009,0
66439628.45773,31.771763,3.177176344623955e-08,1.980198019,1
96666666.645849,33.769509,3.376950873502591e-08,2.970297029,0
205553361.790873,42.779474,4.277947398310587e-08,7.108910891,1
2034630.738522,28.065328,2.80653279398724e-08,0.056994301,1
24999999.967182,29.308825,2.930882524144859e-08,0.715648854,1
27601286.142372,29.454866,2.945486616620569e-08,0.792079207,1
17418831.135929,28.889346,2.8889345891625006e-08,0.495049504,1
98975447.765048,33.92979,3.3929789721592274e-08,3.048448241,0
1767710.031775,28.051344,2.8051343514758427e-08,0.04950495,1
34281150.129545,29.834925,2.98349250260212e-08,0.990099009,0
17418831.135929,28.889346,2.8889345891625006e-08,0.495049504,1
66439628.45773,31.771763,3.177176344623955e-08,1.980198019,0
99999999.983405,34.001282,3.400128230877259e-08,3.083247687,0
50613207.51952,30.795731,3.079573087755936e-08,1.485148514,0
17418831.135929,28.889346,2.8889345891625006e-08,0.495049504,1
34281150.129545,29.834925,2.98349250260212e-08,0.990099009,0
66439628.45773,31.771763,3.177176344623955e-08,1.980198019,0
34281150.129545,29.834925,2.98349250260212e-08,0.990099009,0
34281150.129545,29.834925,2.98349250260212e-08,0.990099009,0
3529605.227977,28.143846,2.814384582045034e-08,0.0990099,1
34281150.129545,29.834925,2.98349250260212e-08,0.990099009,0
40876190.447028,30.21742,3.021742016057939e-08,1.188118811,0
66439628.45773,31.771763,3.177176344623955e-08,1.980198019,0
66439628.45773,31.771763,3.177176344623955e-08,1.980198019,0
66439628.45773,31.771763,3.177176344623955e-08,1.980198019,0
34281150.129545,29.834925,2.98349250260212e-08,0.990099009,1
34281150.129545,29.834925,2.98349250260212e-08,0.990099009,0
66439628.45773,31.771763,3.177176344623955e-08,1.980198019,0
89281391.823713,33.264362,3.3264362394917606e-08,2.722772277,1
354008.574488,27.977451,2.7977451302566102e-08,0.00990099,0
66439628.45773,31.771763,3.177176344623955e-08,1.980198019,0
3529605.227977,28.143846,2.814384582045034e-08,0.0990099,0
67062499.999999,31.811121,3.1811121466293816e-08,2.0,1
30280572.183783,29.60643,2.9606430240447347e-08,0.8712,0
34281150.129545,29.834925,2.98349250260212e-08,0.990099009,0
81783536.562398,32.763023,3.276302273206171e-08,2.475247524,0
34281150.129545,29.834925,2.98349250260212e-08,0.990099009,1
34281150.129545,29.834925,2.98349250260212e-08,0.990099009,0
67062499.999999,31.811121,3.1811121466293816e-08,2.0,0
66439628.45773,31.771763,3.177176344623955e-08,1.980198019,0
35937799.02983,29.93032,2.993032040986789e-08,1.03960396,0
66439628.45773,31.771763,3.177176344623955e-08,1.980198019,1
50613207.51952,30.795731,3.079573087755936e-08,1.485148514,0
82538461.538461,32.812985,3.281298539919226e-08,2.5,0
34277831.558568,29.834734,2.9834734389562016e-08,0.99,0
96666666.645849,33.769509,3.376950873502591e-08,2.970297029,0
29260509.918218,29.548589,2.9548588901799093e-08,0.841029113,1
17418831.135929,28.889346,2.8889345891625006e-08,0.495049504,1
34281150.129545,29.834925,2.98349250260212e-08,0.990099009,0
50613207.51952,30.795731,3.079573087755936e-08,1.485148514,0
40876190.447028,30.21742,3.021742016057939e-08,1.188118811,0
66439628.45773,31.771763,3.177176344623955e-08,1.980198019,0
34281150.129545,29.834925,2.98349250260212e-08,0.990099009,0
40876190.447028,30.21742,3.021742016057939e-08,1.188118811,0
34281150.129545,29.834925,2.98349250260212e-08,0.990099009,0
34281150.129545,29.834925,2.98349250260212e-08,0.990099009,0
354008.574488,27.977451,2.7977451302566102e-08,0.00990099,1
97545454.545454,33.830382,3.3830382106244145e-08,3.0,0
97545454.545454,33.830382,3.3830382106244145e-08,3.0,0
66439628.45773,31.771763,3.177176344623955e-08,1.980198019,0
24229032.226263,29.26575,2.9265750339326476e-08,0.693069306,0
50613207.51952,30.795731,3.079573087755936e-08,1.485148514,0
3177689.997932,28.125333,2.812533317793852e-08,0.08910891,1
99904474.002418,33.994607,3.3994607020813894e-08,3.08,1
67062499.999999,31.811121,3.1811121466293816e-08,2.0,0
34281150.129545,29.834925,2.98349250260212e-08,0.990099009,0
34277831.558568,29.834734,2.9834734389562016e-08,0.99,0
61743390.347632,31.477355,3.1477354871324414e-08,1.831683168,1
34281150.129545,29.834925,2.98349250260212e-08,0.990099009,0
125131195.318419,35.828161,3.582816089238039e-08,3.960396039,0
67062499.999999,31.811121,3.1811121466293816e-08,2.0,1
66439628.45773,31.771763,3.177176344623955e-08,1.980198019,0
50613207.51952,30.795731,3.079573087755936e-08,1.485148514,0
44142405.034639,30.409581,3.040958133088704e-08,1.287128712,1
47388012.590148,30.602352,3.0602351569880334e-08,1.386138613,0
17418831.135929,28.889346,2.8889345891625006e-08,0.495049504,0
17418831.135929,28.889346,2.8889345891625006e-08,0.495049504,0
2564138.013297,28.093101,2.809310068441405e-08,0.071862447,0
34281150.129545,29.834925,2.98349250260212e-08,0.990099009,0
17590163.934426,28.898726,2.8898726312519402e-08,0.5,1
1061325.409773,28.014385,2.8014385227288803e-08,0.02970297,0
34281150.129545,29.834925,2.98349250260212e-08,0.990099009,1
66439628.45773,31.771763,3.177176344623955e-08,1.980198019,1
34281150.129545,29.834925,2.98349250260212e-08,0.990099009,0
65815985.111078,31.73243,3.173242979092034e-08,1.960396039,0
67062499.999999,31.811121,3.1811121466293816e-08,2.0,1
50613207.51952,30.795731,3.079573087755936e-08,1.485148514,1
81783536.562398,32.763023,3.276302273206171e-08,2.475247524,0
3529605.227977,28.143846,2.814384582045034e-08,0.0990099,1
34281150.129545,29.834925,2.98349250260212e-08,0.990099009,0
87415176.126015,33.138509,3.3138508788743196e-08,2.660811348,0
29279293.725895,29.549652,2.954965248136055e-08,0.841584158,0
66439628.45773,31.771763,3.177176344623955e-08,1.980198019,0
34281150.129545,29.834925,2.98349250260212e-08,0.990099009,0
1767710.031775,28.051344,2.8051343514758427e-08,0.04950495,0
20834951.423962,29.077244,2.9077243581132898e-08,0.594059405,0
354008.574488,27.977451,2.7977451302566102e-08,0.00990099,1
3564784.053156,28.145697,2.8145697421559485e-08,0.1,1
27601286.142372,29.454866,2.945486616620569e-08,0.792079207,0
34612903.225806,29.853992,2.985399192295741e-08,1.0,0
34281150.129545,29.834925,2.98349250260212e-08,0.990099009,1
66439628.45773,31.771763,3.177176344623955e-08,1.980198019,1
17418831.135929,28.889346,2.8889345891625006e-08,0.495049504,0
67062499.999999,31.811121,3.1811121466293816e-08,2.0,0
17418831.135929,28.889346,2.8889345891625006e-08,0.495049504,0
67062499.999999,31.811121,3.1811121466293816e-08,2.0,0
13980455.992597,28.702057,2.870205727080283e-08,0.396039603,1
34281150.129545,29.834925,2.98349250260212e-08,0.990099009,1
73556409.465725,32.225852,3.2225851560849494e-08,2.207920792,0
66439628.45773,31.771763,3.177176344623955e-08,1.980198019,0
27601286.142372,29.454866,2.945486616620569e-08,0.792079207,1
34281150.129545,29.834925,2.98349250260212e-08,0.990099009,1
225894736.842105,44.858652,4.485865175520346e-08,8.0,0
67062499.999999,31.811121,3.1811121466293816e-08,2.0,1
34281150.129545,29.834925,2.98349250260212e-08,0.990099009,0
125131195.318419,35.828161,3.582816089238039e-08,3.960396039,0
5407692.307691,28.242953,2.8242953101309473e-08,0.151959477,1
34281150.129545,29.834925,2.98349250260212e-08,0.990099009,0
21039219.431372,29.088537,2.9088537019791604e-08,0.600000109,1
34281150.129545,29.834925,2.98349250260212e-08,0.990099009,0
24229032.226263,29.26575,2.9265750339326476e-08,0.693069306,0
67062499.999999,31.811121,3.1811121466293816e-08,2.0,0
225894736.842105,44.858652,4.485865175520346e-08,8.0,0
34281150.129545,29.834925,2.98349250260212e-08,0.990099009,1
66439628.45773,31.771763,3.177176344623955e-08,1.980198019,1
40876190.447028,30.21742,3.021742016057939e-08,1.188118811,0
67062499.999999,31.811121,3.1811121466293816e-08,2.0,0
225894736.842105,44.858652,4.485865175520346e-08,8.0,0
7036065.53917,28.329307,2.8329307235215518e-08,0.198019801,1
1767710.031775,28.051344,2.8051343514758427e-08,0.04950495,1
125131195.318419,35.828161,3.582816089238039e-08,3.960396039,1
97545454.545454,33.830382,3.3830382106244145e-08,3.0,0
90767371.579545,33.365087,3.3365087127783185e-08,2.772277227,1
34281150.129545,29.834925,2.98349250260212e-08,0.990099009,1
15857142.857142,28.804054,2.8804054054054005e-08,0.45,1
66439628.45773,31.771763,3.177176344623955e-08,1.980198019,0
34612903.225806,29.853992,2.985399192295741e-08,1.0,0
20834951.423962,29.077244,2.9077243581132898e-08,0.594059405,1
35411.372207,27.960839,2.7960838984787036e-08,0.000990099,1
50613207.51952,30.795731,3.079573087755936e-08,1.485148514,0
97545454.545454,33.830382,3.3830382106244145e-08,3.0,0
34281150.129545,29.834925,2.98349250260212e-08,0.990099009,0
96666666.645849,33.769509,3.376950873502591e-08,2.970297029,0
55000000.0,31.061714,3.1061714290125486e-08,1.620825147,0
10519607.80911,28.515378,2.851537771866636e-08,0.297029702,1
44142405.034639,30.409581,3.040958133088704e-08,1.287128712,0
67062499.999999,31.811121,3.1811121466293816e-08,2.0,0
81783536.562398,32.763023,3.276302273206171e-08,2.475247524,0
100000000.0,34.001282,3.4001282309932404e-08,3.083247688,0
20834951.423962,29.077244,2.9077243581132898e-08,0.594059405,1
50613207.51952,30.795731,3.079573087755936e-08,1.485148514,1
66439628.45773,31.771763,3.177176344623955e-08,1.980198019,0
34281150.129545,29.834925,2.98349250260212e-08,0.990099009,0
81783536.562398,32.763023,3.276302273206171e-08,2.475247524,0
34281150.129545,29.834925,2.98349250260212e-08,0.990099009,0
151983002.819554,37.94772,3.794771991830293e-08,4.950495049,1
96666666.645849,33.769509,3.376950873502591e-08,2.970297029,0
2473164.282207,28.088326,2.8088326164975017e-08,0.06930693,0
7036065.53917,28.329307,2.8329307235215518e-08,0.198019801,0
34281150.129545,29.834925,2.98349250260212e-08,0.990099009,1
34281150.129545,29.834925,2.98349250260212e-08,0.990099009,1
27601286.142372,29.454866,2.945486616620569e-08,0.792079207,1
34281150.129545,29.834925,2.98349250260212e-08,0.990099009,0
27601286.142372,29.454866,2.945486616620569e-08,0.792079207,0
35411.372207,27.960839,2.7960838984787036e-08,0.000990099,1
40876190.447028,30.21742,3.021742016057939e-08,1.188118811,0
50613207.51952,30.795731,3.079573087755936e-08,1.485148514,0
66439628.45773,31.771763,3.177176344623955e-08,1.980198019,0
30951923.046196,29.644591,2.9644591061770616e-08,0.891089108,1
13980455.992597,28.702057,2.870205727080283e-08,0.396039603,1
50613207.51952,30.795731,3.079573087755936e-08,1.485148514,0
34281150.129545,29.834925,2.98349250260212e-08,0.990099009,0
17075998.671383,28.87059,2.8870589621641353e-08,0.485148514,0
7085849.056603,28.331954,2.8331953537441915e-08,0.199430199,1
40876190.447028,30.21742,3.021742016057939e-08,1.188118811,0
66439628.45773,31.771763,3.177176344623955e-08,1.980198019,0
34612903.225806,29.853992,2.985399192295741e-08,1.0,0
151983002.819554,37.94772,3.794771991830293e-08,4.950495049,0
34612903.225806,29.853992,2.985399192295741e-08,1.0,1
34612903.225806,29.853992,2.985399192295741e-08,1.0,1
27601286.142372,29.454866,2.945486616620569e-08,0.792079207,1
3529605.227977,28.143846,2.814384582045034e-08,0.0990099,1
97545454.545454,33.830382,3.3830382106244145e-08,3.0,0
66439628.45773,31.771763,3.177176344623955e-08,1.980198019,0
27601286.142372,29.454866,2.945486616620569e-08,0.792079207,0
50613207.51952,30.795731,3.079573087755936e-08,1.485148514,0
30951923.046196,29.644591,2.9644591061770616e-08,0.891089108,0
1414634.132213,28.032861,2.8032861325680223e-08,0.03960396,1
66439628.45773,31.771763,3.177176344623955e-08,1.980198019,0
707783.634087,27.995915,2.7995915219584048e-08,0.01980198,1
50613207.51952,30.795731,3.079573087755936e-08,1.485148514,1
96666666.645849,33.769509,3.376950873502591e-08,2.970297029,0
67062499.999999,31.811121,3.1811121466293816e-08,2.0,0
884583.667995,28.005149,2.800514946210057e-08,0.024752475,1
34281150.129545,29.834925,2.98349250260212e-08,0.990099009,0
7036065.53917,28.329307,2.8329307235215518e-08,0.198019801,1
97545454.545454,33.830382,3.3830382106244145e-08,3.0,0
66439628.45773,31.771763,3.177176344623955e-08,1.980198019,0
27601286.142372,29.454866,2.945486616620569e-08,0.792079207,0
3529605.227977,28.143846,2.814384582045034e-08,0.0990099,1
67062499.999999,31.811121,3.1811121466293816e-08,2.0,0
97545454.545454,33.830382,3.3830382106244145e-08,3.0,0
34281150.129545,29.834925,2.98349250260212e-08,0.990099009,1
47388012.590148,30.602352,3.0602351569880334e-08,1.386138613,1
3529605.227977,28.143846,2.814384582045034e-08,0.0990099,1
7036065.53917,28.329307,2.8329307235215518e-08,0.198019801,1
96666666.645849,33.769509,3.376950873502591e-08,2.970297029,1
40876190.447028,30.21742,3.021742016057939e-08,1.188118811,1
81783536.562398,32.763023,3.276302273206171e-08,2.475247524,0
66439628.45773,31.771763,3.177176344623955e-08,1.980198019,0
20834951.423962,29.077244,2.9077243581132898e-08,0.594059405,0
97545454.545454,33.830382,3.3830382106244145e-08,3.0,0
67062499.999999,31.811121,3.1811121466293816e-08,2.0,0
24229032.226263,29.26575,2.9265750339326476e-08,0.693069306,1
50613207.51952,30.795731,3.079573087755936e-08,1.485148514,0
34281150.129545,29.834925,2.98349250260212e-08,0.990099009,0
20834951.423962,29.077244,2.9077243581132898e-08,0.594059405,1
50613207.51952,30.795731,3.079573087755936e-08,1.485148514,1
66439628.45773,31.771763,3.177176344623955e-08,1.980198019,0
696268829.661954,226.807738,2.268077379350596e-07,55.445544554,1
34281150.129545,29.834925,2.98349250260212e-08,0.990099009,0
474254143.639462,89.791646,8.979164643208268e-08,23.762376237,1
50613207.51952,30.795731,3.079573087755936e-08,1.485148514,0
108255192.859157,34.585661,3.458566077373954e-08,3.366336633,1
96666666.645849,33.769509,3.376950873502591e-08,2.970297029,1
97545454.545454,33.830382,3.3830382106244145e-08,3.0,0
34281150.129545,29.834925,2.98349250260212e-08,0.990099009,1
97545454.545454,33.830382,3.3830382106244145e-08,3.0,0
96666666.645849,33.769509,3.376950873502591e-08,2.970297029,1
96666666.645849,33.769509,3.376950873502591e-08,2.970297029,0
97545454.545454,33.830382,3.3830382106244145e-08,3.0,0
30951923.046196,29.644591,2.9644591061770616e-08,0.891089108,0
66439628.45773,31.771763,3.177176344623955e-08,1.980198019,0
70820.407185,27.962685,2.7962684554246128e-08,0.001980198,1
82538461.538461,32.812985,3.281298539919226e-08,2.5,0
67062499.999999,31.811121,3.1811121466293816e-08,2.0,0
67062499.999999,31.811121,3.1811121466293816e-08,2.0,0
34281150.129545,29.834925,2.98349250260212e-08,0.990099009,0
96666666.645849,33.769509,3.376950873502591e-08,2.970297029,0
24229032.226263,29.26575,2.9265750339326476e-08,0.693069306,1
14325301.20275,28.720759,2.872075872649442e-08,0.405940594,1
97545454.545454,33.830382,3.3830382106244145e-08,3.0,0
66439628.45773,31.771763,3.177176344623955e-08,1.980198019,0
97545454.545454,33.830382,3.3830382106244145e-08,3.0,0
34281150.129545,29.834925,2.98349250260212e-08,0.990099009,1
78752293.554569,32.563553,3.2563552737525916e-08,2.376237623,0
60735849.056603,31.414725,3.141472506989743e-08,1.8,0
354008.574488,27.977451,2.7977451302566102e-08,0.00990099,0
97545454.545454,33.830382,3.3830382106244145e-08,3.0,0
40876190.447028,30.21742,3.021742016057939e-08,1.188118811,0
67062499.999999,31.811121,3.1811121466293816e-08,2.0,0
50613207.51952,30.795731,3.079573087755936e-08,1.485148514,0
96666666.645849,33.769509,3.376950873502591e-08,2.970297029,0
96666666.645849,33.769509,3.376950873502591e-08,2.970297029,0
96666666.645849,33.769509,3.376950873502591e-08,2.970297029,0
10519607.80911,28.515378,2.851537771866636e-08,0.297029702,1
7085849.056603,28.331954,2.8331953537441915e-08,0.199430199,1
34281150.129545,29.834925,2.98349250260212e-08,0.990099009,1
81783536.562398,32.763023,3.276302273206171e-08,2.475247524,0
96666666.645849,33.769509,3.376950873502591e-08,2.970297029,0
97545454.545454,33.830382,3.3830382106244145e-08,3.0,0
97545454.545454,33.830382,3.3830382106244145e-08,3.0,0
96666666.645849,33.769509,3.376950873502591e-08,2.970297029,0
51743654.822335,30.863945,3.0863945324634976e-08,1.52,0
93091324.200913,33.523532,3.3523532152842476e-08,2.85,0
97545454.545454,33.830382,3.3830382106244145e-08,3.0,1
182373.494904,27.9685,2.7968500055225443e-08,0.005099846,1
66439628.45773,31.771763,3.177176344623955e-08,1.980198019,1
97545454.545454,33.830382,3.3830382106244145e-08,3.0,1
97545454.545454,33.830382,3.3830382106244145e-08,3.0,0
5000.0,27.959254,2.7959254046494906e-08,0.000139796,1
47388012.590148,30.602352,3.0602351569880334e-08,1.386138613,0
51095238.095238,30.82479,3.082479030754892e-08,1.5,0
96666666.645849,33.769509,3.376950873502591e-08,2.970297029,1
97545454.545454,33.830382,3.3830382106244145e-08,3.0,0
89876322.938532,33.304634,3.330463401600369e-08,2.742574257,0
96666666.645849,33.769509,3.376950873502591e-08,2.970297029,0
60735849.056603,31.414725,3.141472506989743e-08,1.8,0
17418831.135929,28.889346,2.8889345891625006e-08,0.495049504,0
60735849.056603,31.414725,3.141472506989743e-08,1.8,0
97545454.545454,33.830382,3.3830382106244145e-08,3.0,0
50613207.51952,30.795731,3.079573087755936e-08,1.485148514,0
34281150.129545,29.834925,2.98349250260212e-08,0.990099009,1
50613207.51952,30.795731,3.079573087755936e-08,1.485148514,0
97545454.545454,33.830382,3.3830382106244145e-08,3.0,0
67062499.999999,31.811121,3.1811121466293816e-08,2.0,0
32619199.98635,29.739682,2.973968191127138e-08,0.940594059,0
20834951.423962,29.077244,2.9077243581132898e-08,0.594059405,1
97545454.545454,33.830382,3.3830382106244145e-08,3.0,1
11687294.556254,28.578159,2.8578159113169694e-08,0.330363365,1
13980455.992597,28.702057,2.870205727080283e-08,0.396039603,0
5005124.484663,28.221665,2.8221665431171963e-08,0.140594059,1
66439628.45773,31.771763,3.177176344623955e-08,1.980198019,0
66439628.45773,31.771763,3.177176344623955e-08,1.980198019,0
66439628.45773,31.771763,3.177176344623955e-08,1.980198019,0
66439628.45773,31.771763,3.177176344623955e-08,1.980198019,0
34281150.129545,29.834925,2.98349250260212e-08,0.990099009,0
7734600.25584,28.366473,2.836647260791279e-08,0.217821782,1
16710658.712294,28.850622,2.8850622070010426e-08,0.474604582,0
50613207.51952,30.795731,3.079573087755936e-08,1.485148514,0
97545454.545454,33.830382,3.3830382106244145e-08,3.0,0
50613207.51952,30.795731,3.079573087755936e-08,1.485148514,0
27601286.142372,29.454866,2.945486616620569e-08,0.792079207,1
96666666.645849,33.769509,3.376950873502591e-08,2.970297029,0
66439628.45773,31.771763,3.177176344623955e-08,1.980198019,0
354008.574488,27.977451,2.7977451302566102e-08,0.00990099,1
21039219.431372,29.088537,2.9088537019791604e-08,0.600000109,0
96666666.645849,33.769509,3.376950873502591e-08,2.970297029,0
29279293.725895,29.549652,2.954965248136055e-08,0.841584158,0
30951923.046196,29.644591,2.9644591061770616e-08,0.891089108,0
66439628.45773,31.771763,3.177176344623955e-08,1.980198019,0
40876190.447028,30.21742,3.021742016057939e-08,1.188118811,0
34281150.129545,29.834925,2.98349250260212e-08,0.990099009,0
60168224.272876,31.379523,3.137952321271039e-08,1.782178217,0
13980455.992597,28.702057,2.870205727080283e-08,0.396039603,1
34281150.129545,29.834925,2.98349250260212e-08,0.990099009,0
61743390.347632,31.477355,3.1477354871324414e-08,1.831683168,0
66439628.45773,31.771763,3.177176344623955e-08,1.980198019,0
50613207.51952,30.795731,3.079573087755936e-08,1.485148514,0
49841012.064628,30.749264,3.074926429712138e-08,1.461386138,0
66439628.45773,31.771763,3.177176344623955e-08,1.980198019,0
34281150.129545,29.834925,2.98349250260212e-08,0.990099009,1
34281150.129545,29.834925,2.98349250260212e-08,0.990099009,0
39944801.026957,30.162957,3.016295744019879e-08,1.16,1
34281150.129545,29.834925,2.98349250260212e-08,0.990099009,0
53818181.791024,30.989719,3.0989719253923995e-08,1.584158415,1
3529605.227977,28.143846,2.814384582045034e-08,0.0990099,1
42054413.995198,30.286528,3.0286528018419155e-08,1.223762376,1
66439628.45773,31.771763,3.177176344623955e-08,1.980198019,0
1061325.409773,28.014385,2.8014385227288803e-08,0.02970297,1
7085849.056603,28.331954,2.8331953537441915e-08,0.199430199,0
21039215.686274,29.088537,2.9088536812674718e-08,0.6,0
50613207.51952,30.795731,3.079573087755936e-08,1.485148514,0
67062500.0,31.811121,3.181112146629388e-08,2.0,0
34281150.129545,29.834925,2.98349250260212e-08,0.990099009,0
96666666.645849,33.769509,3.376950873502591e-08,2.970297029,1
34281150.129545,29.834925,2.98349250260212e-08,0.990099009,0
50000000.0,30.758823,3.07588227368759e-08,1.46627566,0
741979995.0,293.773417,2.9377341709184444e-07,67.244877995,0
66439628.45773,31.771763,3.177176344623955e-08,1.980198019,0
27601286.142372,29.454866,2.945486616620569e-08,0.792079207,1
153285714.285714,38.055297,3.805529667598631e-08,5.0,0
66439628.45773,31.771763,3.177176344623955e-08,1.980198019,0
51095247.190476,30.824791,3.082479085624742e-08,1.50000028,0
66439628.45773,31.771763,3.177176344623955e-08,1.980198019,0
27601286.142372,29.454866,2.945486616620569e-08,0.792079207,1
126235294.117647,35.911774,3.5911773842808325e-08,4.0,0
35411.372207,27.960839,2.7960838984787036e-08,0.000990099,1
67062500.0,31.811121,3.181112146629388e-08,2.0,0
21039219.431372,29.088537,2.9088537019791604e-08,0.600000109,0
44142405.034639,30.409581,3.040958133088704e-08,1.287128712,0
153285714.285714,38.055297,3.805529667598631e-08,5.0,0
7036065.53917,28.329307,2.8329307235215518e-08,0.198019801,0
20834951.423962,29.077244,2.9077243581132898e-08,0.594059405,0
66439628.45773,31.771763,3.177176344623955e-08,1.980198019,0
30951923.046196,29.644591,2.9644591061770616e-08,0.891089108,0
27601286.142372,29.454866,2.945486616620569e-08,0.792079207,0
39281310.211946,30.12425,3.012424976700839e-08,1.14,0
40876190.447028,30.21742,3.021742016057939e-08,1.188118811,1
34281150.129545,29.834925,2.98349250260212e-08,0.990099009,0
5285714.268532,28.2365,2.8236500395183797e-08,0.148514851,1
30951923.046196,29.644591,2.9644591061770616e-08,0.891089108,0
34612903.225806,29.853992,2.985399192295741e-08,1.0,0
354008.574488,27.977451,2.7977451302566102e-08,0.00990099,1
34281150.129545,29.834925,2.98349250260212e-08,0.990099009,1
49183396.404919,30.709775,3.0709775381943785e-08,1.441177929,1
34281150.129545,29.834925,2.98349250260212e-08,0.990099009,1
66439628.45773,31.771763,3.177176344623955e-08,1.980198019,0
17418831.135929,28.889346,2.8889345891625006e-08,0.495049504,1
7085849.056603,28.331954,2.8331953537441915e-08,0.199430199,1
37589171.944844,30.025868,3.002586805895743e-08,1.08910891,0
66439628.45773,31.771763,3.177176344623955e-08,1.980198019,0
82538461.538461,32.812985,3.281298539919226e-08,2.5,0
50613207.51952,30.795731,3.079573087755936e-08,1.485148514,0
5285714.268532,28.2365,2.8236500395183797e-08,0.148514851,1
34281150.129545,29.834925,2.98349250260212e-08,0.990099009,1
34281150.129545,29.834925,2.98349250260212e-08,0.990099009,0
27601286.142372,29.454866,2.945486616620569e-08,0.792079207,0
82538461.538461,32.812985,3.281298539919226e-08,2.5,0
3529605.227977,28.143846,2.814384582045034e-08,0.0990099,1
66439628.45773,31.771763,3.177176344623955e-08,1.980198019,0
37589171.944844,30.025868,3.002586805895743e-08,1.08910891,1
50613207.51952,30.795731,3.079573087755936e-08,1.485148514,0
72633846.129529,32.16644,3.2166439954511366e-08,2.178217821,0
34281150.129545,29.834925,2.98349250260212e-08,0.990099009,0
66439628.45773,31.771763,3.177176344623955e-08,1.980198019,0
20834951.423962,29.077244,2.9077243581132898e-08,0.594059405,1
34281150.129545,29.834925,2.98349250260212e-08,0.990099009,1
34281150.129545,29.834925,2.98349250260212e-08,0.990099009,0
82538461.538461,32.812985,3.281298539919226e-08,2.5,0
96666666.645849,33.769509,3.376950873502591e-08,2.970297029,0
50613207.51952,30.795731,3.079573087755936e-08,1.485148514,1
100000000.0,34.001282,3.4001282309932404e-08,3.083247688,1
67062500.0,31.811121,3.181112146629388e-08,2.0,1
1767710.031775,28.051344,2.8051343514758427e-08,0.04950495,1
82538461.538461,32.812985,3.281298539919226e-08,2.5,1
23888274.000998,29.246742,2.9246742019571336e-08,0.6831,0
50613207.51952,30.795731,3.079573087755936e-08,1.485148514,1
34281150.129545,29.834925,2.98349250260212e-08,0.990099009,0
34281150.129545,29.834925,2.98349250260212e-08,0.990099009,0
40000000.0,30.166181,3.0166181077679554e-08,1.161665053,0
66439628.45773,31.771763,3.177176344623955e-08,1.980198019,0
50613207.51952,30.795731,3.079573087755936e-08,1.485148514,0
50613207.51952,30.795731,3.079573087755936e-08,1.485148514,0
96666666.645849,33.769509,3.376950873502591e-08,2.970297029,0
21039219.431372,29.088537,2.9088537019791604e-08,0.600000109,1
3529605.227977,28.143846,2.814384582045034e-08,0.0990099,1
3529605.227977,28.143846,2.814384582045034e-08,0.0990099,1
22871792.362349,29.19015,2.9190150095060632e-08,0.6534,0
34281150.129545,29.834925,2.98349250260212e-08,0.990099009,0
67062500.0,31.811121,3.181112146629388e-08,2.0,0
31952929.868119,29.701627,2.9701627300178557e-08,0.920792079,0
60168224.272876,31.379523,3.137952321271039e-08,1.782178217,0
82538461.538461,32.812985,3.281298539919226e-08,2.5,0
34281150.129545,29.834925,2.98349250260212e-08,0.990099009,0
34281150.129545,29.834925,2.98349250260212e-08,0.990099009,1
34281150.129545,29.834925,2.98349250260212e-08,0.990099009,0
34281150.129545,29.834925,2.98349250260212e-08,0.990099009,1
66439628.45773,31.771763,3.177176344623955e-08,1.980198019,0
34281150.129545,29.834925,2.98349250260212e-08,0.990099009,0
67062500.0,31.811121,3.181112146629388e-08,2.0,0
3529605.227977,28.143846,2.814384582045034e-08,0.0990099,0
96666666.645849,33.769509,3.376950873502591e-08,2.970297029,0
33945897.527768,29.815676,2.981567555172415e-08,0.9801,0
37589171.944844,30.025868,3.002586805895743e-08,1.08910891,0
75000000.0,32.319147,3.23191473126614e-08,2.254509018,0
34281150.129545,29.834925,2.98349250260212e-08,0.990099009,0
34281150.129545,29.834925,2.98349250260212e-08,0.990099009,0
125131195.318419,35.828161,3.582816089238039e-08,3.960396039,0
96666666.645849,33.769509,3.376950873502591e-08,2.970297029,0
3881289.04649,28.162365,2.8162364555519644e-08,0.108910891,1
50613207.51952,30.795731,3.079573087755936e-08,1.485148514,0
50613207.51952,30.795731,3.079573087755936e-08,1.485148514,0
1414634.132213,28.032861,2.8032861325680223e-08,0.03960396,1
742712176.0,295.077333,2.950773327070005e-07,67.460450132,0
50613207.51952,30.795731,3.079573087755936e-08,1.485148514,0
8691661.709299,28.417512,2.8417511696726444e-08,0.244994652,1
66439628.45773,31.771763,3.177176344623955e-08,1.980198019,0
34612903.225806,29.853992,2.985399192295741e-08,1.0,0
67062500.0,31.811121,3.181112146629388e-08,2.0,0
34281150.129545,29.834925,2.98349250260212e-08,0.990099009,0
16710658.712294,28.850622,2.8850622070010426e-08,0.474604582,0
34281150.129545,29.834925,2.98349250260212e-08,0.990099009,1
50613207.51952,30.795731,3.079573087755936e-08,1.485148514,0
3881289.04649,28.162365,2.8162364555519644e-08,0.108910891,1
34277831.558568,29.834734,2.9834734389562016e-08,0.99,1
34281150.129545,29.834925,2.98349250260212e-08,0.990099009,1
34277831.558568,29.834734,2.9834734389562016e-08,0.99,1
125131195.318419,35.828161,3.582816089238039e-08,3.960396039,0
34612903.225806,29.853992,2.985399192295741e-08,1.0,1
67062500.0,31.811121,3.181112146629388e-08,2.0,1
720758396.529724,259.441638,2.594416381048287e-07,61.386138613,1
66439628.45773,31.771763,3.177176344623955e-08,1.980198019,0
34281150.129545,29.834925,2.98349250260212e-08,0.990099009,1
19129659.628063,28.983219,2.8983218603742138e-08,0.544554455,1
50613207.51952,30.795731,3.079573087755936e-08,1.485148514,1
66439628.45773,31.771763,3.177176344623955e-08,1.980198019,0
13980455.992597,28.702057,2.870205727080283e-08,0.396039603,1
34281150.129545,29.834925,2.98349250260212e-08,0.990099009,0
63909090.90909,31.612613,3.161261261261256e-08,1.9,0
47388012.590148,30.602352,3.0602351569880334e-08,1.386138613,0
34281150.129545,29.834925,2.98349250260212e-08,0.990099009,0
67062500.0,31.811121,3.181112146629388e-08,2.0,0
66439628.45773,31.771763,3.177176344623955e-08,1.980198019,0
66439628.45773,31.771763,3.177176344623955e-08,1.980198019,0
66439628.45773,31.771763,3.177176344623955e-08,1.980198019,1
50613207.51952,30.795731,3.079573087755936e-08,1.485148514,0
34281150.129545,29.834925,2.98349250260212e-08,0.990099009,0
0.0,27.958993,2.7958993476234855e-08,0.0,1
66433395.87242,31.77137,3.1771369990680314e-08,1.98,0
50613207.51952,30.795731,3.079573087755936e-08,1.485148514,0
21039219.431372,29.088537,2.9088537019791604e-08,0.600000109,0
50613207.51952,30.795731,3.079573087755936e-08,1.485148514,0
37589171.944844,30.025868,3.002586805895743e-08,1.08910891,0
66439628.45773,31.771763,3.177176344623955e-08,1.980198019,0
34281150.129545,29.834925,2.98349250260212e-08,0.990099009,0
34281150.129545,29.834925,2.98349250260212e-08,0.990099009,1
67062500.0,31.811121,3.181112146629388e-08,2.0,0
66439628.45773,31.771763,3.177176344623955e-08,1.980198019,0
245725190.837379,47.035025,4.7035024707673785e-08,8.910891089,1
96666666.645849,33.769509,3.376950873502591e-08,2.970297029,1
741088053.0,292.196633,2.92196632776284e-07,66.983553292,0
97545454.545454,33.830382,3.3830382106244145e-08,3.0,0
3529605.227977,28.143846,2.814384582045034e-08,0.0990099,1
96666666.645849,33.769509,3.376950873502591e-08,2.970297029,0
50613207.51952,30.795731,3.079573087755936e-08,1.485148514,0
66439628.45773,31.771763,3.177176344623955e-08,1.980198019,0
14118423.565789,28.709537,2.8709537259609082e-08,0.400000072,1
67062500.0,31.811121,3.181112146629388e-08,2.0,0
17418831.135929,28.889346,2.8889345891625006e-08,0.495049504,0
66439628.45773,31.771763,3.177176344623955e-08,1.980198019,1
34281150.129545,29.834925,2.98349250260212e-08,0.990099009,0
66439628.45773,31.771763,3.177176344623955e-08,1.980198019,0
34281150.129545,29.834925,2.98349250260212e-08,0.990099009,0
97545454.545454,33.830382,3.3830382106244145e-08,3.0,1
34281150.129545,29.834925,2.98349250260212e-08,0.990099009,0
67062499.999999,31.811121,3.1811121466293816e-08,2.0,0
66439628.45773,31.771763,3.177176344623955e-08,1.980198019,0
17418831.135929,28.889346,2.8889345891625006e-08,0.495049504,0
3541.210212,27.959178,2.7959178022671674e-08,9.9009e-05,1
97545454.545454,33.830382,3.3830382106244145e-08,3.0,0
34281150.129545,29.834925,2.98349250260212e-08,0.990099009,0
34281150.129545,29.834925,2.98349250260212e-08,0.990099009,0
31619474.692038,29.682609,2.968260913066227e-08,0.910891089,0
354008.574488,27.977451,2.7977451302566102e-08,0.00990099,0
34281150.129545,29.834925,2.98349250260212e-08,0.990099009,0
34281150.129545,29.834925,2.98349250260212e-08,0.990099009,0
354008.574488,27.977451,2.7977451302566102e-08,0.00990099,0
96666666.645849,33.769509,3.376950873502591e-08,2.970297029,0
66439628.45773,31.771763,3.177176344623955e-08,1.980198019,0
66439628.45773,31.771763,3.177176344623955e-08,1.980198019,0
34281150.129545,29.834925,2.98349250260212e-08,0.990099009,0
125131195.318419,35.828161,3.582816089238039e-08,3.960396039,0
66439628.45773,31.771763,3.177176344623955e-08,1.980198019,0
66439628.45773,31.771763,3.177176344623955e-08,1.980198019,1
96666666.645849,33.769509,3.376950873502591e-08,2.970297029,0
106333333.333333,34.448276,3.4448275862068944e-08,3.3,1
97545454.545454,33.830382,3.3830382106244145e-08,3.0,0
66439628.45773,31.771763,3.177176344623955e-08,1.980198019,0
66439628.45773,31.771763,3.177176344623955e-08,1.980198019,0
3817665.476375,28.159013,2.8159012953447223e-08,0.107119207,1
96666666.645849,33.769509,3.376950873502591e-08,2.970297029,0
31619474.692038,29.682609,2.968260913066227e-08,0.910891089,1
34281150.129545,29.834925,2.98349250260212e-08,0.990099009,0
66439628.45773,31.771763,3.177176344623955e-08,1.980198019,0
96666666.645849,33.769509,3.376950873502591e-08,2.970297029,0
17418831.135929,28.889346,2.8889345891625006e-08,0.495049504,1
66439628.45773,31.771763,3.177176344623955e-08,1.980198019,0
34281150.129545,29.834925,2.98349250260212e-08,0.990099009,0
34612903.225806,29.853992,2.985399192295741e-08,1.0,0
29260509.918218,29.548589,2.9548588901799093e-08,0.841029113,1
34281150.129545,29.834925,2.98349250260212e-08,0.990099009,0
50613207.51952,30.795731,3.079573087755936e-08,1.485148514,0
7036065.53917,28.329307,2.8329307235215518e-08,0.198019801,1
96666666.645849,33.769509,3.376950873502591e-08,2.970297029,0
66439628.45773,31.771763,3.177176344623955e-08,1.980198019,0
81783536.562398,32.763023,3.276302273206171e-08,2.475247524,0
4190833.284511,28.178679,2.817867946057873e-08,0.117630913,1
34281150.129545,29.834925,2.98349250260212e-08,0.990099009,0
67062499.999999,31.811121,3.1811121466293816e-08,2.0,0
66433395.87242,31.77137,3.1771369990680314e-08,1.98,0
66439628.45773,31.771763,3.177176344623955e-08,1.980198019,0
34281150.129545,29.834925,2.98349250260212e-08,0.990099009,0
34281150.129545,29.834925,2.98349250260212e-08,0.990099009,0
50613207.51952,30.795731,3.079573087755936e-08,1.485148514,0
66439628.45773,31.771763,3.177176344623955e-08,1.980198019,0
66439628.45773,31.771763,3.177176344623955e-08,1.980198019,0
8780687.380987,28.422266,2.8422266344294862e-08,0.247524752,0
66439628.45773,31.771763,3.177176344623955e-08,1.980198019,0
66439628.45773,31.771763,3.177176344623955e-08,1.980198019,1
67062500.0,31.811121,3.181112146629388e-08,2.0,0
34281150.129545,29.834925,2.98349250260212e-08,0.990099009,0
72633846.129529,32.16644,3.2166439954511366e-08,2.178217821,0
50613207.51952,30.795731,3.079573087755936e-08,1.485148514,0
34281150.129545,29.834925,2.98349250260212e-08,0.990099009,0
66439628.45773,31.771763,3.177176344623955e-08,1.980198019,0
50613207.51952,30.795731,3.079573087755936e-08,1.485148514,0
4232741.610681,28.180889,2.8180889379405586e-08,0.118811881,1
62324960.753532,31.513591,3.151359117738427e-08,1.85,0
1061325.409773,28.014385,2.8014385227288803e-08,0.02970297,1
40876190.447028,30.21742,3.021742016057939e-08,1.188118811,0
34281150.129545,29.834925,2.98349250260212e-08,0.990099009,1
10519607.80911,28.515378,2.851537771866636e-08,0.297029702,1
34281150.129545,29.834925,2.98349250260212e-08,0.990099009,0
34281150.129545,29.834925,2.98349250260212e-08,0.990099009,0
53818181.791024,30.989719,3.0989719253923995e-08,1.584158415,0
1767710.031775,28.051344,2.8051343514758427e-08,0.04950495,0
34612903.225806,29.853992,2.985399192295741e-08,1.0,1
66439628.45773,31.771763,3.177176344623955e-08,1.980198019,0
50613207.51952,30.795731,3.079573087755936e-08,1.485148514,0
5285714.268532,28.2365,2.8236500395183797e-08,0.148514851,1
67062500.0,31.811121,3.181112146629388e-08,2.0,0
50613207.51952,30.795731,3.079573087755936e-08,1.485148514,1
44142405.034639,30.409581,3.040958133088704e-08,1.287128712,0
27870129.870129,29.470022,2.9470021745883762e-08,0.8,0
34281150.129545,29.834925,2.98349250260212e-08,0.990099009,0
33617007.649042,29.79681,2.9796809508061076e-08,0.970297029,0
66439628.45773,31.771763,3.177176344623955e-08,1.980198019,0
96666666.645849,33.769509,3.376950873502591e-08,2.970297029,0
8424380.131869,28.403244,2.8403243994708795e-08,0.237401082,1
66439628.45773,31.771763,3.177176344623955e-08,1.980198019,0
34281150.129545,29.834925,2.98349250260212e-08,0.990099009,0
34281150.129545,29.834925,2.98349250260212e-08,0.990099009,0
66439628.45773,31.771763,3.177176344623955e-08,1.980198019,0
57003124.97333,31.184317,3.1184316698974405e-08,1.683168316,0
1767710.031775,28.051344,2.8051343514758427e-08,0.04950495,1
81783536.562398,32.763023,3.276302273206171e-08,2.475247524,0
34281150.129545,29.834925,2.98349250260212e-08,0.990099009,1
49965028.063481,30.75672,3.075671982301742e-08,1.465200001,1
2825543.092292,28.106827,2.8106826626113357e-08,0.07920792,1
7385447.391502,28.347887,2.834788687715889e-08,0.207920792,1
81783536.562398,32.763023,3.276302273206171e-08,2.475247524,0
66439628.45773,31.771763,3.177176344623955e-08,1.980198019,0
5285714.268532,28.2365,2.8236500395183797e-08,0.148514851,1
66439628.45773,31.771763,3.177176344623955e-08,1.980198019,0
66439628.45773,31.771763,3.177176344623955e-08,1.980198019,0
34281150.129545,29.834925,2.98349250260212e-08,0.990099009,0
7036065.53917,28.329307,2.8329307235215518e-08,0.198019801,0
44142405.034639,30.409581,3.040958133088704e-08,1.287128712,0
34281150.129545,29.834925,2.98349250260212e-08,0.990099009,0
66439628.45773,31.771763,3.177176344623955e-08,1.980198019,0
34281150.129545,29.834925,2.98349250260212e-08,0.990099009,0
24229032.226263,29.26575,2.9265750339326476e-08,0.693069306,0
34281150.129545,29.834925,2.98349250260212e-08,0.990099009,1
66439628.45773,31.771763,3.177176344623955e-08,1.980198019,0
34281150.129545,29.834925,2.98349250260212e-08,0.990099009,0
67062499.999999,31.811121,3.1811121466293816e-08,2.0,0
106333333.333333,34.448276,3.4448275862068944e-08,3.3,0
34281150.129545,29.834925,2.98349250260212e-08,0.990099009,0
96666666.645849,33.769509,3.376950873502591e-08,2.970297029,0
67062499.999999,31.811121,3.1811121466293816e-08,2.0,0
1414634.132213,28.032861,2.8032861325680223e-08,0.03960396,0
13980455.992597,28.702057,2.870205727080283e-08,0.396039603,1
66439628.45773,31.771763,3.177176344623955e-08,1.980198019,0
66439628.45773,31.771763,3.177176344623955e-08,1.980198019,0
97545454.545454,33.830382,3.3830382106244145e-08,3.0,0
66439628.45773,31.771763,3.177176344623955e-08,1.980198019,0
34281150.129545,29.834925,2.98349250260212e-08,0.990099009,0
34281150.129545,29.834925,2.98349250260212e-08,0.990099009,0
66439628.45773,31.771763,3.177176344623955e-08,1.980198019,1
66439628.45773,31.771763,3.177176344623955e-08,1.980198019,1
34281150.129545,29.834925,2.98349250260212e-08,0.990099009,1
44142405.034639,30.409581,3.040958133088704e-08,1.287128712,0
66439628.45773,31.771763,3.177176344623955e-08,1.980198019,0
81783536.562398,32.763023,3.276302273206171e-08,2.475247524,0
66439628.45773,31.771763,3.177176344623955e-08,1.980198019,0
34281150.129545,29.834925,2.98349250260212e-08,0.990099009,0
30951923.046196,29.644591,2.9644591061770616e-08,0.891089108,0
44142405.034639,30.409581,3.040958133088704e-08,1.287128712,0
67062499.999999,31.811121,3.1811121466293816e-08,2.0,0
35765.474484,27.960857,2.796085744019881e-08,0.001,1
66439628.45773,31.771763,3.177176344623955e-08,1.980198019,0
34281150.129545,29.834925,2.98349250260212e-08,0.990099009,0
47388012.590148,30.602352,3.0602351569880334e-08,1.386138613,0
50613207.51952,30.795731,3.079573087755936e-08,1.485148514,0
66439628.45773,31.771763,3.177176344623955e-08,1.980198019,0
34281150.129545,29.834925,2.98349250260212e-08,0.990099009,0
50613207.51952,30.795731,3.079573087755936e-08,1.485148514,0
34281150.129545,29.834925,2.98349250260212e-08,0.990099009,1
96666666.645849,33.769509,3.376950873502591e-08,2.970297029,0
66439628.45773,31.771763,3.177176344623955e-08,1.980198019,0
34281150.129545,29.834925,2.98349250260212e-08,0.990099009,0
57003124.97333,31.184317,3.1184316698974405e-08,1.683168316,0
66439628.45773,31.771763,3.177176344623955e-08,1.980198019,0
66439628.45773,31.771763,3.177176344623955e-08,1.980198019,1
24465798.045602,29.278969,2.9278968623796173e-08,0.7,0
66439628.45773,31.771763,3.177176344623955e-08,1.980198019,0
50613207.51952,30.795731,3.079573087755936e-08,1.485148514,0
66439628.45773,31.771763,3.177176344623955e-08,1.980198019,0
51095238.095238,30.82479,3.082479030754892e-08,1.5,0
66439628.45773,31.771763,3.177176344623955e-08,1.980198019,0
34281150.129545,29.834925,2.98349250260212e-08,0.990099009,1
66439628.45773,31.771763,3.177176344623955e-08,1.980198019,0
34281150.129545,29.834925,2.98349250260212e-08,0.990099009,0
66439628.45773,31.771763,3.177176344623955e-08,1.980198019,0
96666666.645849,33.769509,3.376950873502591e-08,2.970297029,1
355298013.236794,62.493188,6.249318794598513e-08,14.851485148,1
66439628.45773,31.771763,3.177176344623955e-08,1.980198019,0
66439628.45773,31.771763,3.177176344623955e-08,1.980198019,0
66439628.45773,31.771763,3.177176344623955e-08,1.980198019,0
30280572.183783,29.60643,2.9606430240447347e-08,0.8712,0
3541.210212,27.959178,2.7959178022671674e-08,9.9009e-05,1
34281150.129545,29.834925,2.98349250260212e-08,0.990099009,0
67062499.999999,31.811121,3.1811121466293816e-08,2.0,0
81783536.562398,32.763023,3.276302273206171e-08,2.475247524,0
34281150.129545,29.834925,2.98349250260212e-08,0.990099009,0
66439628.45773,31.771763,3.177176344623955e-08,1.980198019,0
44142405.034639,30.409581,3.040958133088704e-08,1.287128712,0
66439628.45773,31.771763,3.177176344623955e-08,1.980198019,0
59141732.283464,31.316014,3.131601429015219e-08,1.75,0
17590163.934426,28.898726,2.8898726312519402e-08,0.5,0
34281150.129545,29.834925,2.98349250260212e-08,0.990099009,0
66439628.45773,31.771763,3.177176344623955e-08,1.980198019,0
354008.574488,27.977451,2.7977451302566102e-08,0.00990099,1
66439628.45773,31.771763,3.177176344623955e-08,1.980198019,0
17418831.135929,28.889346,2.8889345891625006e-08,0.495049504,0
30280572.183783,29.60643,2.9606430240447347e-08,0.8712,0
66439628.45773,31.771763,3.177176344623955e-08,1.980198019,0
66439628.45773,31.771763,3.177176344623955e-08,1.980198019,0
96666666.645849,33.769509,3.376950873502591e-08,2.970297029,0
27601286.142372,29.454866,2.945486616620569e-08,0.792079207,0
55938388.625592,31.119059,3.111905871388628e-08,1.65,0
97545454.545454,33.830382,3.3830382106244145e-08,3.0,0
66439628.45773,31.771763,3.177176344623955e-08,1.980198019,0
34281150.129545,29.834925,2.98349250260212e-08,0.990099009,0
66359109.677887,31.766681,3.176668095587447e-08,1.97764,0
66439628.45773,31.771763,3.177176344623955e-08,1.980198019,0
66439628.45773,31.771763,3.177176344623955e-08,1.980198019,0
27601286.142372,29.454866,2.945486616620569e-08,0.792079207,1
34281150.129545,29.834925,2.98349250260212e-08,0.990099009,0
67062499.999999,31.811121,3.1811121466293816e-08,2.0,0
34281150.129545,29.834925,2.98349250260212e-08,0.990099009,0
50613207.51952,30.795731,3.079573087755936e-08,1.485148514,0
37589171.944844,30.025868,3.002586805895743e-08,1.08910891,0
96666666.645849,33.769509,3.376950873502591e-08,2.970297029,1
50613207.51952,30.795731,3.079573087755936e-08,1.485148514,0
60168224.272876,31.379523,3.137952321271039e-08,1.782178217,0
50613207.51952,30.795731,3.079573087755936e-08,1.485148514,0
53818181.791024,30.989719,3.0989719253923995e-08,1.584158415,0
10519607.80911,28.515378,2.851537771866636e-08,0.297029702,1
67062500.0,31.811121,3.181112146629388e-08,2.0,0
67062500.0,31.811121,3.181112146629388e-08,2.0,0
51095238.095238,30.82479,3.082479030754892e-08,1.5,0
707783.634087,27.995915,2.7995915219584048e-08,0.01980198,1
10519607.80911,28.515378,2.851537771866636e-08,0.297029702,0
17418831.135929,28.889346,2.8889345891625006e-08,0.495049504,0
67062499.999999,31.811121,3.1811121466293816e-08,2.0,0
34281150.129545,29.834925,2.98349250260212e-08,0.990099009,0
66439628.45773,31.771763,3.177176344623955e-08,1.980198019,0
53818181.791024,30.989719,3.0989719253923995e-08,1.584158415,0
67062500.0,31.811121,3.181112146629388e-08,2.0,0
3529605.227977,28.143846,2.814384582045034e-08,0.0990099,1
34281150.129545,29.834925,2.98349250260212e-08,0.990099009,0
34281150.129545,29.834925,2.98349250260212e-08,0.990099009,0
35411.372207,27.960839,2.7960838984787036e-08,0.000990099,1
27323578.128433,29.439223,2.9439223150793144e-08,0.783901527,0
66439628.45773,31.771763,3.177176344623955e-08,1.980198019,0
10519607.80911,28.515378,2.851537771866636e-08,0.297029702,1
66439628.45773,31.771763,3.177176344623955e-08,1.980198019,0
34281150.129545,29.834925,2.98349250260212e-08,0.990099009,0
67062500.0,31.811121,3.181112146629388e-08,2.0,0
66439628.45773,31.771763,3.177176344623955e-08,1.980198019,0
27601286.142372,29.454866,2.945486616620569e-08,0.792079207,0
106333333.333333,34.448276,3.4448275862068944e-08,3.3,0
0.0,27.958993,2.7958993476234855e-08,0.0,1
30951923.046196,29.644591,2.9644591061770616e-08,0.891089108,0
66439628.45773,31.771763,3.177176344623955e-08,1.980198019,1
34281150.129545,29.834925,2.98349250260212e-08,0.990099009,0
67062500.0,31.811121,3.181112146629388e-08,2.0,0
66439628.45773,31.771763,3.177176344623955e-08,1.980198019,0
96666666.645849,33.769509,3.376950873502591e-08,2.970297029,0
66439628.45773,31.771763,3.177176344623955e-08,1.980198019,0
66439628.45773,31.771763,3.177176344623955e-08,1.980198019,1
50613207.51952,30.795731,3.079573087755936e-08,1.485148514,1
34281150.129545,29.834925,2.98349250260212e-08,0.990099009,1
34281150.129545,29.834925,2.98349250260212e-08,0.990099009,1
96666666.645849,33.769509,3.376950873502591e-08,2.970297029,0
66439628.45773,31.771763,3.177176344623955e-08,1.980198019,0
34281150.129545,29.834925,2.98349250260212e-08,0.990099009,0
29145251.383912,29.542064,2.954206397286941e-08,0.837623762,1
44142405.034639,30.409581,3.040958133088704e-08,1.287128712,0
66433395.87242,31.77137,3.1771369990680314e-08,1.98,0
66439628.45773,31.771763,3.177176344623955e-08,1.980198019,1
66439628.45773,31.771763,3.177176344623955e-08,1.980198019,0
66439628.45773,31.771763,3.177176344623955e-08,1.980198019,1
125131195.318419,35.828161,3.582816089238039e-08,3.960396039,0
34281150.129545,29.834925,2.98349250260212e-08,0.990099009,1
200000000.007647,42.236944,4.223694414011793e-08,6.872852234,1
11213585.885679,28.552665,2.8552664905105698e-08,0.316831683,0
34281150.129545,29.834925,2.98349250260212e-08,0.990099009,0
66439628.45773,31.771763,3.177176344623955e-08,1.980198019,0
96666666.645849,33.769509,3.376950873502591e-08,2.970297029,0
17418831.135929,28.889346,2.8889345891625006e-08,0.495049504,0
30951923.046196,29.644591,2.9644591061770616e-08,0.891089108,0
39563890.638703,30.140726,3.014072623246245e-08,1.148514851,0
66439628.45773,31.771763,3.177176344623955e-08,1.980198019,0
50613207.51952,30.795731,3.079573087755936e-08,1.485148514,0
66439628.45773,31.771763,3.177176344623955e-08,1.980198019,0
40876190.447028,30.21742,3.021742016057939e-08,1.188118811,0
96666666.645849,33.769509,3.376950873502591e-08,2.970297029,0
66439628.45773,31.771763,3.177176344623955e-08,1.980198019,0
29279293.725895,29.549652,2.954965248136055e-08,0.841584158,0
66439628.45773,31.771763,3.177176344623955e-08,1.980198019,0
34281150.129545,29.834925,2.98349250260212e-08,0.990099009,0
34281150.129545,29.834925,2.98349250260212e-08,0.990099009,1
81783536.562398,32.763023,3.276302273206171e-08,2.475247524,0
153285714.285714,38.055297,3.805529667598631e-08,5.0,1
34281150.129545,29.834925,2.98349250260212e-08,0.990099009,1
66439628.45773,31.771763,3.177176344623955e-08,1.980198019,0
34281150.129545,29.834925,2.98349250260212e-08,0.990099009,0
6336614.145581,28.292166,2.8292166227142608e-08,0.178217821,1
17418831.135929,28.889346,2.8889345891625006e-08,0.495049504,0
66439628.45773,31.771763,3.177176344623955e-08,1.980198019,0
19129659.628063,28.983219,2.8983218603742138e-08,0.544554455,1
50000000.0,30.758823,3.07588227368759e-08,1.46627566,1
66439628.45773,31.771763,3.177176344623955e-08,1.980198019,0
1061325.409773,28.014385,2.8014385227288803e-08,0.02970297,1
66439628.45773,31.771763,3.177176344623955e-08,1.980198019,0
707783.634087,27.995915,2.7995915219584048e-08,0.01980198,0
34281150.129545,29.834925,2.98349250260212e-08,0.990099009,0
66439628.45773,31.771763,3.177176344623955e-08,1.980198019,0
40876190.447028,30.21742,3.021742016057939e-08,1.188118811,0
50613207.51952,30.795731,3.079573087755936e-08,1.485148514,0
7036065.53917,28.329307,2.8329307235215518e-08,0.198019801,1
50613207.51952,30.795731,3.079573087755936e-08,1.485148514,0
21039219.431372,29.088537,2.9088537019791604e-08,0.600000109,0
17590163.934426,28.898726,2.8898726312519402e-08,0.5,0
34281150.129545,29.834925,2.98349250260212e-08,0.990099009,0
39473138.804717,30.135433,3.013543327647974e-08,1.145779765,0
34281150.129545,29.834925,2.98349250260212e-08,0.990099009,1
60168224.272876,31.379523,3.137952321271039e-08,1.782178217,0
17590163.934426,28.898726,2.8898726312519402e-08,0.5,0
66439628.45773,31.771763,3.177176344623955e-08,1.980198019,0
34281150.129545,29.834925,2.98349250260212e-08,0.990099009,0
34281150.129545,29.834925,2.98349250260212e-08,0.990099009,1
50613207.51952,30.795731,3.079573087755936e-08,1.485148514,0
34281150.129545,29.834925,2.98349250260212e-08,0.990099009,0
247830.531722,27.971913,2.7971913315144606e-08,0.006930693,1
70196261.682243,32.010252,3.201025163094129e-08,2.1,0
17418831.135929,28.889346,2.8889345891625006e-08,0.495049504,0
66439628.45773,31.771763,3.177176344623955e-08,1.980198019,0
66439628.45773,31.771763,3.177176344623955e-08,1.980198019,0
126235294.117647,35.911774,3.5911773842808325e-08,4.0,0
30617826.198949,29.625591,2.962559116431509e-08,0.881188118,0
34281150.129545,29.834925,2.98349250260212e-08,0.990099009,0
34281150.129545,29.834925,2.98349250260212e-08,0.990099009,0
151983002.819554,37.94772,3.794771991830293e-08,4.950495049,0
66439628.45773,31.771763,3.177176344623955e-08,1.980198019,0
28944123.303336,29.530683,2.953068303733872e-08,0.831683168,0
66439628.45773,31.771763,3.177176344623955e-08,1.980198019,0
81783536.562398,32.763023,3.276302273206171e-08,2.475247524,0
125131195.318419,35.828161,3.582816089238039e-08,3.960396039,0
66439628.45773,31.771763,3.177176344623955e-08,1.980198019,0
3529605.227977,28.143846,2.814384582045034e-08,0.0990099,1
17590163.934426,28.898726,2.8898726312519402e-08,0.5,0
34612903.225806,29.853992,2.985399192295741e-08,1.0,1
66439628.45773,31.771763,3.177176344623955e-08,1.980198019,0
30280572.183783,29.60643,2.9606430240447347e-08,0.8712,0
66439628.45773,31.771763,3.177176344623955e-08,1.980198019,0
34281150.129545,29.834925,2.98349250260212e-08,0.990099009,0
10519607.80911,28.515378,2.851537771866636e-08,0.297029702,1
67062499.999999,31.811121,3.1811121466293816e-08,2.0,0
50613207.51952,30.795731,3.079573087755936e-08,1.485148514,0
4629605.044805,28.20183,2.8201829760795238e-08,0.13,1
66439628.45773,31.771763,3.177176344623955e-08,1.980198019,0
34612903.225806,29.853992,2.985399192295741e-08,1.0,0
34281150.129545,29.834925,2.98349250260212e-08,0.990099009,0
96666666.645849,33.769509,3.376950873502591e-08,2.970297029,0
354008.574488,27.977451,2.7977451302566102e-08,0.00990099,0
96666666.645849,33.769509,3.376950873502591e-08,2.970297029,0
61743390.347632,31.477355,3.1477354871324414e-08,1.831683168,0
13277233.408624,28.663977,2.8663977051002405e-08,0.375869062,0
34281150.129545,29.834925,2.98349250260212e-08,0.990099009,0
66439628.45773,31.771763,3.177176344623955e-08,1.980198019,0
67062499.999999,31.811121,3.1811121466293816e-08,2.0,0
66439628.45773,31.771763,3.177176344623955e-08,1.980198019,0
66439628.45773,31.771763,3.177176344623955e-08,1.980198019,0
38577473.744939,30.08327,3.0083269738585435e-08,1.118811881,0
66439628.45773,31.771763,3.177176344623955e-08,1.980198019,0
67062499.999999,31.811121,3.1811121466293816e-08,2.0,0
70196261.682243,32.010252,3.201025163094129e-08,2.1,0
66439628.45773,31.771763,3.177176344623955e-08,1.980198019,0
96666666.645849,33.769509,3.376950873502591e-08,2.970297029,1
67062499.999999,31.811121,3.1811121466293816e-08,2.0,1
66439628.45773,31.771763,3.177176344623955e-08,1.980198019,0
66439628.45773,31.771763,3.177176344623955e-08,1.980198019,0
3881289.04649,28.162365,2.8162364555519644e-08,0.108910891,1
66439628.45773,31.771763,3.177176344623955e-08,1.980198019,1
66439628.45773,31.771763,3.177176344623955e-08,1.980198019,0
34281150.129545,29.834925,2.98349250260212e-08,0.990099009,0
125131195.318419,35.828161,3.582816089238039e-08,3.960396039,0
34281150.129545,29.834925,2.98349250260212e-08,0.990099009,0
28709375.894996,29.517408,2.951740805048207e-08,0.824752475,0
67062499.999999,31.811121,3.1811121466293816e-08,2.0,0
354.089883,27.959012,2.7959011929173586e-08,9.9e-06,1
66439628.45773,31.771763,3.177176344623955e-08,1.980198019,0
7036065.53917,28.329307,2.8329307235215518e-08,0.198019801,1
66439628.45773,31.771763,3.177176344623955e-08,1.980198019,0
66439628.45773,31.771763,3.177176344623955e-08,1.980198019,0
96666666.645849,33.769509,3.376950873502591e-08,2.970297029,0
34281150.129545,29.834925,2.98349250260212e-08,0.990099009,0
66439628.45773,31.771763,3.177176344623955e-08,1.980198019,0
66439628.45773,31.771763,3.177176344623955e-08,1.980198019,0
1414634.132213,28.032861,2.8032861325680223e-08,0.03960396,1
40876190.447028,30.21742,3.021742016057939e-08,1.188118811,0
34281150.129545,29.834925,2.98349250260212e-08,0.990099009,0
1061325.409773,28.014385,2.8014385227288803e-08,0.02970297,1
66439628.45773,31.771763,3.177176344623955e-08,1.980198019,0
25917874.381634,29.360232,2.9360232120135385e-08,0.742574257,0
34281150.129545,29.834925,2.98349250260212e-08,0.990099009,0
97545454.545454,33.830382,3.3830382106244145e-08,3.0,0
104394728.376629,34.310522,3.431052156602583e-08,3.233352061,0
34612903.225806,29.853992,2.985399192295741e-08,1.0,0
34281150.129545,29.834925,2.98349250260212e-08,0.990099009,0
66439628.45773,31.771763,3.177176344623955e-08,1.980198019,0
66439628.45773,31.771763,3.177176344623955e-08,1.980198019,0
53818181.791024,30.989719,3.0989719253923995e-08,1.584158415,1
66439628.45773,31.771763,3.177176344623955e-08,1.980198019,1
67062500.0,31.811121,3.181112146629388e-08,2.0,1
34281150.129545,29.834925,2.98349250260212e-08,0.990099009,1
34281150.129545,29.834925,2.98349250260212e-08,0.990099009,0
66439628.45773,31.771763,3.177176344623955e-08,1.980198019,0
34281150.129545,29.834925,2.98349250260212e-08,0.990099009,1
34281150.129545,29.834925,2.98349250260212e-08,0.990099009,1
5338308.457711,28.239282,2.8239282385834085e-08,0.15,0
66439628.45773,31.771763,3.177176344623955e-08,1.980198019,0
47064373.59451,30.583047,3.0583047138085126e-08,1.376237623,0
96666666.645849,33.769509,3.376950873502591e-08,2.970297029,0
34281150.129545,29.834925,2.98349250260212e-08,0.990099009,0
530925.279205,27.986682,2.7986682499739204e-08,0.014851485,1
66439628.45773,31.771763,3.177176344623955e-08,1.980198019,0
354008.574488,27.977451,2.7977451302566102e-08,0.00990099,1
1767710.031775,28.051344,2.8051343514758427e-08,0.04950495,1
57003124.97333,31.184317,3.1184316698974405e-08,1.683168316,0
34281150.129545,29.834925,2.98349250260212e-08,0.990099009,0
7036065.53917,28.329307,2.8329307235215518e-08,0.198019801,1
37589171.944844,30.025868,3.002586805895743e-08,1.08910891,0
125131195.318419,35.828161,3.582816089238039e-08,3.960396039,0
66439628.45773,31.771763,3.177176344623955e-08,1.980198019,0
66439628.45773,31.771763,3.177176344623955e-08,1.980198019,0
17418831.135929,28.889346,2.8889345891625006e-08,0.495049504,0
50613207.51952,30.795731,3.079573087755936e-08,1.485148514,0
66439628.45773,31.771763,3.177176344623955e-08,1.980198019,0
66439628.45773,31.771763,3.177176344623955e-08,1.980198019,0
45475585.465449,30.488543,3.0488543463165145e-08,1.327722772,0
34281150.129545,29.834925,2.98349250260212e-08,0.990099009,0
64879069.757751,31.673475,3.167347498809207e-08,1.930693069,0
15702439.008573,28.795625,2.8795625448574022e-08,0.445544554,0
66439628.45773,31.771763,3.177176344623955e-08,1.980198019,0
96666666.645849,33.769509,3.376950873502591e-08,2.970297029,0
50613207.51952,30.795731,3.079573087755936e-08,1.485148514,0
34612903.225806,29.853992,2.985399192295741e-08,1.0,0
14118423.565789,28.709537,2.8709537259609082e-08,0.400000072,1
65815985.111078,31.73243,3.173242979092034e-08,1.960396039,1
1767710.031775,28.051344,2.8051343514758427e-08,0.04950495,1
111109467.436838,34.791221,3.479122145513215e-08,3.465346534,0
50613207.51952,30.795731,3.079573087755936e-08,1.485148514,0
67062499.999999,31.811121,3.1811121466293816e-08,2.0,1
96666666.645849,33.769509,3.376950873502591e-08,2.970297029,0
66439628.45773,31.771763,3.177176344623955e-08,1.980198019,0
67062500.0,31.811121,3.181112146629388e-08,2.0,0
34281150.129545,29.834925,2.98349250260212e-08,0.990099009,0
34281150.129545,29.834925,2.98349250260212e-08,0.990099009,0
50613207.51952,30.795731,3.079573087755936e-08,1.485148514,0
3541.210212,27.959178,2.7959178022671674e-08,9.9009e-05,1
707783.634087,27.995915,2.7995915219584048e-08,0.01980198,1
51095238.095238,30.82479,3.082479030754892e-08,1.5,0
44142405.034639,30.409581,3.040958133088704e-08,1.287128712,0
8780687.380987,28.422266,2.8422266344294862e-08,0.247524752,1
17418831.135929,28.889346,2.8889345891625006e-08,0.495049504,1
61251268.221849,31.446741,3.144674067847156e-08,1.8162,0
67062499.999999,31.811121,3.1811121466293816e-08,2.0,0
1767710.031775,28.051344,2.8051343514758427e-08,0.04950495,0
53818181.791024,30.989719,3.0989719253923995e-08,1.584158415,0
66439628.45773,31.771763,3.177176344623955e-08,1.980198019,0
1414634.132213,28.032861,2.8032861325680223e-08,0.03960396,1
40876190.447028,30.21742,3.021742016057939e-08,1.188118811,0
34281150.129545,29.834925,2.98349250260212e-08,0.990099009,0
1061325.409773,28.014385,2.8014385227288803e-08,0.02970297,1
66439628.45773,31.771763,3.177176344623955e-08,1.980198019,0
25917874.381634,29.360232,2.9360232120135385e-08,0.742574257,0
34281150.129545,29.834925,2.98349250260212e-08,0.990099009,0
97545454.545454,33.830382,3.3830382106244145e-08,3.0,0
104394728.376629,34.310522,3.431052156602583e-08,3.233352061,0
34612903.225806,29.853992,2.985399192295741e-08,1.0,0
34281150.129545,29.834925,2.98349250260212e-08,0.990099009,0
66439628.45773,31.771763,3.177176344623955e-08,1.980198019,0
66439628.45773,31.771763,3.177176344623955e-08,1.980198019,0
34281150.129545,29.834925,2.98349250260212e-08,0.990099009,0
66439628.45773,31.771763,3.177176344623955e-08,1.980198019,0
34281150.129545,29.834925,2.98349250260212e-08,0.990099009,1
96666666.645849,33.769509,3.376950873502591e-08,2.970297029,0
35.408998,27.958995,2.795899532152841e-08,9.9e-07,1
35.408998,27.958995,2.795899532152841e-08,9.9e-07,1
34281150.129545,29.834925,2.98349250260212e-08,0.990099009,0
742462805.0,294.632263,2.9463226344801864e-07,67.386921917,0
66439628.45773,31.771763,3.177176344623955e-08,1.980198019,0
44142405.034639,30.409581,3.040958133088704e-08,1.287128712,0
10519607.80911,28.515378,2.851537771866636e-08,0.297029702,1
20834951.423962,29.077244,2.9077243581132898e-08,0.594059405,1
96666666.645849,33.769509,3.376950873502591e-08,2.970297029,0
35275774.011888,29.892144,2.9892143985039195e-08,1.01980198,0
63313664.57056,31.575339,3.1575338795132114e-08,1.881188118,0
354008.574488,27.977451,2.7977451302566102e-08,0.00990099,1
34281150.129545,29.834925,2.98349250260212e-08,0.990099009,1
10519607.80911,28.515378,2.851537771866636e-08,0.297029702,0
96666666.645849,33.769509,3.376950873502591e-08,2.970297029,1
27601286.142372,29.454866,2.945486616620569e-08,0.792079207,1
17590163.934426,28.898726,2.8898726312519402e-08,0.5,1
96666666.645849,33.769509,3.376950873502591e-08,2.970297029,0
66439628.45773,31.771763,3.177176344623955e-08,1.980198019,0
17418831.135929,28.889346,2.8889345891625006e-08,0.495049504,1
66439628.45773,31.771763,3.177176344623955e-08,1.980198019,0
34281150.129545,29.834925,2.98349250260212e-08,0.990099009,0
81783536.562398,32.763023,3.276302273206171e-08,2.475247524,0
37589171.944844,30.025868,3.002586805895743e-08,1.08910891,0
99999999.983405,34.001282,3.400128230877259e-08,3.083247687,0
53818181.791024,30.989719,3.0989719253923995e-08,1.584158415,0
66439628.45773,31.771763,3.177176344623955e-08,1.980198019,0
66439628.45773,31.771763,3.177176344623955e-08,1.980198019,0
57500000.0,31.214841,3.121484057667454e-08,1.698670606,0
50613207.51952,30.795731,3.079573087755936e-08,1.485148514,0
3529605.227977,28.143846,2.814384582045034e-08,0.0990099,1
17418831.135929,28.889346,2.8889345891625006e-08,0.495049504,0
53818181.791024,30.989719,3.0989719253923995e-08,1.584158415,0
66439628.45773,31.771763,3.177176344623955e-08,1.980198019,0
67062500.0,31.811121,3.181112146629388e-08,2.0,0
34281150.129545,29.834925,2.98349250260212e-08,0.990099009,0
34281150.129545,29.834925,2.98349250260212e-08,0.990099009,0
66439628.45773,31.771763,3.177176344623955e-08,1.980198019,0
34281150.129545,29.834925,2.98349250260212e-08,0.990099009,1
34281150.129545,29.834925,2.98349250260212e-08,0.990099009,1
5338308.457711,28.239282,2.8239282385834085e-08,0.15,0
66439628.45773,31.771763,3.177176344623955e-08,1.980198019,0
47064373.59451,30.583047,3.0583047138085126e-08,1.376237623,0
96666666.645849,33.769509,3.376950873502591e-08,2.970297029,0
34281150.129545,29.834925,2.98349250260212e-08,0.990099009,0
530925.279205,27.986682,2.7986682499739204e-08,0.014851485,1
66439628.45773,31.771763,3.177176344623955e-08,1.980198019,0
354008.574488,27.977451,2.7977451302566102e-08,0.00990099,1
1767710.031775,28.051344,2.8051343514758427e-08,0.04950495,1
57003124.97333,31.184317,3.1184316698974405e-08,1.683168316,0
96666666.645849,33.769509,3.376950873502591e-08,2.970297029,0
66439628.45773,31.771763,3.177176344623955e-08,1.980198019,1
354008.574488,27.977451,2.7977451302566102e-08,0.00990099,1
67062499.999999,31.811121,3.1811121466293816e-08,2.0,0
480000000.0,91.540144,9.154014372286001e-08,24.283305228,1
96666666.645849,33.769509,3.376950873502591e-08,2.970297029,0
66439628.45773,31.771763,3.177176344623955e-08,1.980198019,0
34281150.129545,29.834925,2.98349250260212e-08,0.990099009,0
34281150.129545,29.834925,2.98349250260212e-08,0.990099009,1
56367729.810799,31.145348,3.114534848486293e-08,1.663366336,0
57003124.97333,31.184317,3.1184316698974405e-08,1.683168316,0
34281150.129545,29.834925,2.98349250260212e-08,0.990099009,0
50613207.51952,30.795731,3.079573087755936e-08,1.485148514,1
40876190.447028,30.21742,3.021742016057939e-08,1.188118811,1
34281150.129545,29.834925,2.98349250260212e-08,0.990099009,0
34281150.129545,29.834925,2.98349250260212e-08,0.990099009,1
65815985.111078,31.73243,3.173242979092034e-08,1.960396039,0
1767710.031775,28.051344,2.8051343514758427e-08,0.04950495,1
111109467.436838,34.791221,3.479122145513215e-08,3.465346534,0
50613207.51952,30.795731,3.079573087755936e-08,1.485148514,0
67062499.999999,31.811121,3.1811121466293816e-08,2.0,0
96666666.645849,33.769509,3.376950873502591e-08,2.970297029,0
66439628.45773,31.771763,3.177176344623955e-08,1.980198019,0
67062500.0,31.811121,3.181112146629388e-08,2.0,0
34281150.129545,29.834925,2.98349250260212e-08,0.990099009,0
34281150.129545,29.834925,2.98349250260212e-08,0.990099009,0
50613207.51952,30.795731,3.079573087755936e-08,1.485148514,0
3541.210212,27.959178,2.7959178022671674e-08,9.9009e-05,1
57003124.97333,31.184317,3.1184316698974405e-08,1.683168316,1
17418831.135929,28.889346,2.8889345891625006e-08,0.495049504,0
66439628.45773,31.771763,3.177176344623955e-08,1.980198019,0
34281150.129545,29.834925,2.98349250260212e-08,0.990099009,1
96666666.645849,33.769509,3.376950873502591e-08,2.970297029,1
34281150.129545,29.834925,2.98349250260212e-08,0.990099009,0
34281150.129545,29.834925,2.98349250260212e-08,0.990099009,1
64879069.757751,31.673475,3.167347498809207e-08,1.930693069,0
40876190.447028,30.21742,3.021742016057939e-08,1.188118811,0
66439628.45773,31.771763,3.177176344623955e-08,1.980198019,1
1428761.651131,28.0336,2.803360049704873e-08,0.04,1
10519607.80911,28.515378,2.851537771866636e-08,0.297029702,1
34281150.129545,29.834925,2.98349250260212e-08,0.990099009,0
55938388.625592,31.119059,3.111905871388628e-08,1.65,0
34281150.129545,29.834925,2.98349250260212e-08,0.990099009,1
34281150.129545,29.834925,2.98349250260212e-08,0.990099009,0
66439628.45773,31.771763,3.177176344623955e-08,1.980198019,0
66439628.45773,31.771763,3.177176344623955e-08,1.980198019,0
66439628.45773,31.771763,3.177176344623955e-08,1.980198019,0
34281150.129545,29.834925,2.98349250260212e-08,0.990099009,0
17418831.135929,28.889346,2.8889345891625006e-08,0.495049504,0
66439628.45773,31.771763,3.177176344623955e-08,1.980198019,0
34281150.129545,29.834925,2.98349250260212e-08,0.990099009,0
36268494.881429,29.949418,2.9949417758312304e-08,1.04950495,0
1626507.595965,28.04395,2.8043949908244746e-08,0.045544554,1
96666666.645849,33.769509,3.376950873502591e-08,2.970297029,0
707783.634087,27.995915,2.7995915219584048e-08,0.01980198,1
8780687.380987,28.422266,2.8422266344294862e-08,0.247524752,0
8780687.380987,28.422266,2.8422266344294862e-08,0.247524752,0
34281150.129545,29.834925,2.98349250260212e-08,0.990099009,0
64879069.757751,31.673475,3.167347498809207e-08,1.930693069,0
97545471.90909,33.830383,3.383038331064358e-08,3.000000587,0
34281150.129545,29.834925,2.98349250260212e-08,0.990099009,0
96666666.645849,33.769509,3.376950873502591e-08,2.970297029,0
67062499.999999,31.811121,3.1811121466293816e-08,2.0,0
66439628.45773,31.771763,3.177176344623955e-08,1.980198019,0
125131195.318419,35.828161,3.582816089238039e-08,3.960396039,0
66439628.45773,31.771763,3.177176344623955e-08,1.980198019,1
96666666.645849,33.769509,3.376950873502591e-08,2.970297029,0
66439628.45773,31.771763,3.177176344623955e-08,1.980198019,0
31619474.692038,29.682609,2.968260913066227e-08,0.910891089,1
30000000.0,29.590504,2.9590503829115987e-08,0.862895494,1
3529605.227977,28.143846,2.814384582045034e-08,0.0990099,1
40872258.560985,30.21719,3.021718993476235e-08,1.188,0
66439628.45773,31.771763,3.177176344623955e-08,1.980198019,0
14118423.565789,28.709537,2.8709537259609082e-08,0.400000072,0
14118421.052631,28.709537,2.8709537123330196e-08,0.4,0
66439628.45773,31.771763,3.177176344623955e-08,1.980198019,0
10242137.146308,28.50049,2.8500489759415523e-08,0.289119587,0
66439628.45773,31.771763,3.177176344623955e-08,1.980198019,0
34281150.129545,29.834925,2.98349250260212e-08,0.990099009,1
34281150.129545,29.834925,2.98349250260212e-08,0.990099009,0
96666666.645849,33.769509,3.376950873502591e-08,2.970297029,0
50613207.51952,30.795731,3.079573087755936e-08,1.485148514,0
3529605.227977,28.143846,2.814384582045034e-08,0.0990099,1
111109467.436838,34.791221,3.479122145513215e-08,3.465346534,0
30280572.183783,29.60643,2.9606430240447347e-08,0.8712,0
1767710.031775,28.051344,2.8051343514758427e-08,0.04950495,1
34281150.129545,29.834925,2.98349250260212e-08,0.990099009,1
5636244.234085,28.25505,2.8255049581816658e-08,0.158415841,1
66439628.45773,31.771763,3.177176344623955e-08,1.980198019,0
37589171.944844,30.025868,3.002586805895743e-08,1.08910891,0
66439628.45773,31.771763,3.177176344623955e-08,1.980198019,0
67062500.0,31.811121,3.181112146629388e-08,2.0,0
33799500.0,29.807276,2.98072755678257e-08,0.975735674,0
66439628.45773,31.771763,3.177176344623955e-08,1.980198019,0
66439628.45773,31.771763,3.177176344623955e-08,1.980198019,0
53818181.791024,30.989719,3.0989719253923995e-08,1.584158415,0
30280572.183783,29.60643,2.9606430240447347e-08,0.8712,1
126235294.117647,35.911774,3.5911773842808325e-08,4.0,0
50000000.0,30.758823,3.07588227368759e-08,1.46627566,0
34281150.129545,29.834925,2.98349250260212e-08,0.990099009,1
34281150.129545,29.834925,2.98349250260212e-08,0.990099009,0
17590163.934426,28.898726,2.8898726312519402e-08,0.5,1
34281150.129545,29.834925,2.98349250260212e-08,0.990099009,0
22534733.4261,29.171421,2.9171420827595952e-08,0.643564356,1
29279293.725895,29.549652,2.954965248136055e-08,0.841584158,0
66439628.45773,31.771763,3.177176344623955e-08,1.980198019,0
57003124.97333,31.184317,3.1184316698974405e-08,1.683168316,0
67062499.999999,31.811121,3.1811121466293816e-08,2.0,1
245725190.837379,47.035025,4.7035024707673785e-08,8.910891089,0
34281150.129545,29.834925,2.98349250260212e-08,0.990099009,0
2473164.282207,28.088326,2.8088326164975017e-08,0.06930693,1
34612903.225806,29.853992,2.985399192295741e-08,1.0,0
50613207.51952,30.795731,3.079573087755936e-08,1.485148514,1
66439628.45773,31.771763,3.177176344623955e-08,1.980198019,0
67062499.999999,31.811121,3.1811121466293816e-08,2.0,0
81783536.562398,32.763023,3.276302273206171e-08,2.475247524,0
125131195.318419,35.828161,3.582816089238039e-08,3.960396039,0
17590163.934426,28.898726,2.8898726312519402e-08,0.5,0
34281150.129545,29.834925,2.98349250260212e-08,0.990099009,0
66439628.45773,31.771763,3.177176344623955e-08,1.980198019,1
41236488.812422,30.238528,3.023852807518787e-08,1.1990099,0
66439628.45773,31.771763,3.177176344623955e-08,1.980198019,0
20494334.707198,29.058426,2.9058426404281267e-08,0.584158415,0
66439628.45773,31.771763,3.177176344623955e-08,1.980198019,0
34281150.129545,29.834925,2.98349250260212e-08,0.990099009,0
53818181.791024,30.989719,3.0989719253923995e-08,1.584158415,0
66439628.45773,31.771763,3.177176344623955e-08,1.980198019,0
96666666.645849,33.769509,3.376950873502591e-08,2.970297029,0
66439628.45773,31.771763,3.177176344623955e-08,1.980198019,0
354008.574488,27.977451,2.7977451302566102e-08,0.00990099,1
34281150.129545,29.834925,2.98349250260212e-08,0.990099009,1
50000000.0,30.758823,3.07588227368759e-08,1.46627566,1
34281150.129545,29.834925,2.98349250260212e-08,0.990099009,0
66439628.45773,31.771763,3.177176344623955e-08,1.980198019,0
81783536.562398,32.763023,3.276302273206171e-08,2.475247524,0
66439628.45773,31.771763,3.177176344623955e-08,1.980198019,0
34281150.129545,29.834925,2.98349250260212e-08,0.990099009,1
97545454.545454,33.830382,3.3830382106244145e-08,3.0,0
104394728.376629,34.310522,3.431052156602583e-08,3.233352061,0
34612903.225806,29.853992,2.985399192295741e-08,1.0,0
34281150.129545,29.834925,2.98349250260212e-08,0.990099009,0
66439628.45773,31.771763,3.177176344623955e-08,1.980198019,0
66439628.45773,31.771763,3.177176344623955e-08,1.980198019,0
34281150.129545,29.834925,2.98349250260212e-08,0.990099009,0
66439628.45773,31.771763,3.177176344623955e-08,1.980198019,0
34281150.129545,29.834925,2.98349250260212e-08,0.990099009,0
96666666.645849,33.769509,3.376950873502591e-08,2.970297029,0
35.408998,27.958995,2.795899532152841e-08,9.9e-07,1
35.408998,27.958995,2.795899532152841e-08,9.9e-07,1
34281150.129545,29.834925,2.98349250260212e-08,0.990099009,0
742462805.0,294.632263,2.9463226344801864e-07,67.386921917,0
66439628.45773,31.771763,3.177176344623955e-08,1.980198019,0
44142405.034639,30.409581,3.040958133088704e-08,1.287128712,0
10519607.80911,28.515378,2.851537771866636e-08,0.297029702,1
20834951.423962,29.077244,2.9077243581132898e-08,0.594059405,1
96666666.645849,33.769509,3.376950873502591e-08,2.970297029,0
35275774.011888,29.892144,2.9892143985039195e-08,1.01980198,0
63313664.57056,31.575339,3.1575338795132114e-08,1.881188118,0
354008.574488,27.977451,2.7977451302566102e-08,0.00990099,1
34281150.129545,29.834925,2.98349250260212e-08,0.990099009,1
10519607.80911,28.515378,2.851537771866636e-08,0.297029702,0
66439628.45773,31.771763,3.177176344623955e-08,1.980198019,1
8220675.166264,28.392377,2.83923772765973e-08,0.231616307,0
125131195.318419,35.828161,3.582816089238039e-08,3.960396039,0
8432220.026046,28.403662,2.8403662341480772e-08,0.237623762,0
66439628.45773,31.771763,3.177176344623955e-08,1.980198019,0
81783536.562398,32.763023,3.276302273206171e-08,2.475247524,0
474254143.639462,89.791646,8.979164643208268e-08,23.762376237,1
3529605.227977,28.143846,2.814384582045034e-08,0.0990099,1
50613207.51952,30.795731,3.079573087755936e-08,1.485148514,0
3529605.227977,28.143846,2.814384582045034e-08,0.0990099,1
17418831.135929,28.889346,2.8889345891625006e-08,0.495049504,1
53818181.791024,30.989719,3.0989719253923995e-08,1.584158415,0
66439628.45773,31.771763,3.177176344623955e-08,1.980198019,0
67062500.0,31.811121,3.181112146629388e-08,2.0,0
34281150.129545,29.834925,2.98349250260212e-08,0.990099009,0
34281150.129545,29.834925,2.98349250260212e-08,0.990099009,0
66439628.45773,31.771763,3.177176344623955e-08,1.980198019,0
34281150.129545,29.834925,2.98349250260212e-08,0.990099009,1
34281150.129545,29.834925,2.98349250260212e-08,0.990099009,1
5338308.457711,28.239282,2.8239282385834085e-08,0.15,0
66439628.45773,31.771763,3.177176344623955e-08,1.980198019,0
47064373.59451,30.583047,3.0583047138085126e-08,1.376237623,0
96666666.645849,33.769509,3.376950873502591e-08,2.970297029,0
34281150.129545,29.834925,2.98349250260212e-08,0.990099009,0
530925.279205,27.986682,2.7986682499739204e-08,0.014851485,1
66439628.45773,31.771763,3.177176344623955e-08,1.980198019,0
354008.574488,27.977451,2.7977451302566102e-08,0.00990099,1
1767710.031775,28.051344,2.8051343514758427e-08,0.04950495,1
57003124.97333,31.184317,3.1184316698974405e-08,1.683168316,0
34281150.129545,29.834925,2.98349250260212e-08,0.990099009,0
7036065.53917,28.329307,2.8329307235215518e-08,0.198019801,1
37589171.944844,30.025868,3.002586805895743e-08,1.08910891,0
125131195.318419,35.828161,3.582816089238039e-08,3.960396039,0
66439628.45773,31.771763,3.177176344623955e-08,1.980198019,0
66439628.45773,31.771763,3.177176344623955e-08,1.980198019,0
17418831.135929,28.889346,2.8889345891625006e-08,0.495049504,0
50613207.51952,30.795731,3.079573087755936e-08,1.485148514,0
66439628.45773,31.771763,3.177176344623955e-08,1.980198019,0
66439628.45773,31.771763,3.177176344623955e-08,1.980198019,0
45475585.465449,30.488543,3.0488543463165145e-08,1.327722772,0
34281150.129545,29.834925,2.98349250260212e-08,0.990099009,0
64879069.757751,31.673475,3.167347498809207e-08,1.930693069,0
15702439.008573,28.795625,2.8795625448574022e-08,0.445544554,0
56367729.810799,31.145348,3.114534848486293e-08,1.663366336,1
57003124.97333,31.184317,3.1184316698974405e-08,1.683168316,0
34281150.129545,29.834925,2.98349250260212e-08,0.990099009,0
50613207.51952,30.795731,3.079573087755936e-08,1.485148514,1
40876190.447028,30.21742,3.021742016057939e-08,1.188118811,1
34281150.129545,29.834925,2.98349250260212e-08,0.990099009,0
34281150.129545,29.834925,2.98349250260212e-08,0.990099009,1
65815985.111078,31.73243,3.173242979092034e-08,1.960396039,0
1767710.031775,28.051344,2.8051343514758427e-08,0.04950495,1
111109467.436838,34.791221,3.479122145513215e-08,3.465346534,0
50613207.51952,30.795731,3.079573087755936e-08,1.485148514,0
67062499.999999,31.811121,3.1811121466293816e-08,2.0,1
96666666.645849,33.769509,3.376950873502591e-08,2.970297029,0
66439628.45773,31.771763,3.177176344623955e-08,1.980198019,0
67062500.0,31.811121,3.181112146629388e-08,2.0,0
34281150.129545,29.834925,2.98349250260212e-08,0.990099009,0
34281150.129545,29.834925,2.98349250260212e-08,0.990099009,0
50613207.51952,30.795731,3.079573087755936e-08,1.485148514,0
3541.210212,27.959178,2.7959178022671674e-08,9.9009e-05,1
707783.634087,27.995915,2.7995915219584048e-08,0.01980198,1
51095238.095238,30.82479,3.082479030754892e-08,1.5,0
44142405.034639,30.409581,3.040958133088704e-08,1.287128712,0
8780687.380987,28.422266,2.8422266344294862e-08,0.247524752,1
17418831.135929,28.889346,2.8889345891625006e-08,0.495049504,1
61251268.221849,31.446741,3.144674067847156e-08,1.8162,0
67062499.999999,31.811121,3.1811121466293816e-08,2.0,0
1767710.031775,28.051344,2.8051343514758427e-08,0.04950495,0
53818181.791024,30.989719,3.0989719253923995e-08,1.584158415,0
474254143.639462,89.791646,8.979164643208268e-08,23.762376237,1
3529605.227977,28.143846,2.814384582045034e-08,0.0990099,1
66439628.45773,31.771763,3.177176344623955e-08,1.980198019,0
34281150.129545,29.834925,2.98349250260212e-08,0.990099009,0
96666666.645849,33.769509,3.376950873502591e-08,2.970297029,0
43490816.950599,30.3711,3.037110037171919e-08,1.267326732,0
20000000.0,29.03115,2.9031149638936915e-08,0.56980057,1
34281150.129545,29.834925,2.98349250260212e-08,0.990099009,0
151983002.819554,37.94772,3.794771991830293e-08,4.950495049,1
96666666.645849,33.769509,3.376950873502591e-08,2.970297029,0
28608737.544819,29.51172,2.9511719684003645e-08,0.821782178,0
34281150.129545,29.834925,2.98349250260212e-08,0.990099009,0
66439628.45773,31.771763,3.177176344623955e-08,1.980198019,0
29614249.019815,29.568628,2.9568628016069097e-08,0.851485148,0
97545454.545454,33.830382,3.3830382106244145e-08,3.0,0
66439628.45773,31.771763,3.177176344623955e-08,1.980198019,0
99999999.983405,34.001282,3.400128230877259e-08,3.083247687,1
53818181.791024,30.989719,3.0989719253923995e-08,1.584158415,0
66439628.45773,31.771763,3.177176344623955e-08,1.980198019,0
66439628.45773,31.771763,3.177176344623955e-08,1.980198019,0
57500000.0,31.214841,3.121484057667454e-08,1.698670606,1
50613207.51952,30.795731,3.079573087755936e-08,1.485148514,0
3529605.227977,28.143846,2.814384582045034e-08,0.0990099,1
17418831.135929,28.889346,2.8889345891625006e-08,0.495049504,1
53818181.791024,30.989719,3.0989719253923995e-08,1.584158415,0
66439628.45773,31.771763,3.177176344623955e-08,1.980198019,0
67062500.0,31.811121,3.181112146629388e-08,2.0,0
34281150.129545,29.834925,2.98349250260212e-08,0.990099009,0
34281150.129545,29.834925,2.98349250260212e-08,0.990099009,0
66439628.45773,31.771763,3.177176344623955e-08,1.980198019,0
34281150.129545,29.834925,2.98349250260212e-08,0.990099009,1
34281150.129545,29.834925,2.98349250260212e-08,0.990099009,1
5338308.457711,28.239282,2.8239282385834085e-08,0.15,0
66439628.45773,31.771763,3.177176344623955e-08,1.980198019,0
47064373.59451,30.583047,3.0583047138085126e-08,1.376237623,0
96666666.645849,33.769509,3.376950873502591e-08,2.970297029,0
34281150.129545,29.834925,2.98349250260212e-08,0.990099009,0
530925.279205,27.986682,2.7986682499739204e-08,0.014851485,1
66439628.45773,31.771763,3.177176344623955e-08,1.980198019,0
354008.574488,27.977451,2.7977451302566102e-08,0.00990099,1
1767710.031775,28.051344,2.8051343514758427e-08,0.04950495,1
57003124.97333,31.184317,3.1184316698974405e-08,1.683168316,0
34281150.129545,29.834925,2.98349250260212e-08,0.990099009,0
7036065.53917,28.329307,2.8329307235215518e-08,0.198019801,1
37589171.944844,30.025868,3.002586805895743e-08,1.08910891,0
125131195.318419,35.828161,3.582816089238039e-08,3.960396039,0
66439628.45773,31.771763,3.177176344623955e-08,1.980198019,0
66439628.45773,31.771763,3.177176344623955e-08,1.980198019,0
17418831.135929,28.889346,2.8889345891625006e-08,0.495049504,0
50613207.51952,30.795731,3.079573087755936e-08,1.485148514,0
66439628.45773,31.771763,3.177176344623955e-08,1.980198019,0
66439628.45773,31.771763,3.177176344623955e-08,1.980198019,1
34281150.129545,29.834925,2.98349250260212e-08,0.990099009,1
34281150.129545,29.834925,2.98349250260212e-08,0.990099009,1
56367729.810799,31.145348,3.114534848486293e-08,1.663366336,0
57003124.97333,31.184317,3.1184316698974405e-08,1.683168316,0
34281150.129545,29.834925,2.98349250260212e-08,0.990099009,0
50613207.51952,30.795731,3.079573087755936e-08,1.485148514,1
40876190.447028,30.21742,3.021742016057939e-08,1.188118811,1
34281150.129545,29.834925,2.98349250260212e-08,0.990099009,0
34281150.129545,29.834925,2.98349250260212e-08,0.990099009,1
65815985.111078,31.73243,3.173242979092034e-08,1.960396039,0
1767710.031775,28.051344,2.8051343514758427e-08,0.04950495,1
111109467.436838,34.791221,3.479122145513215e-08,3.465346534,0
50613207.51952,30.795731,3.079573087755936e-08,1.485148514,0
67062499.999999,31.811121,3.1811121466293816e-08,2.0,1
96666666.645849,33.769509,3.376950873502591e-08,2.970297029,0
66439628.45773,31.771763,3.177176344623955e-08,1.980198019,0
67062500.0,31.811121,3.181112146629388e-08,2.0,0
34281150.129545,29.834925,2.98349250260212e-08,0.990099009,0
34281150.129545,29.834925,2.98349250260212e-08,0.990099009,0
50613207.51952,30.795731,3.079573087755936e-08,1.485148514,0
3541.210212,27.959178,2.7959178022671674e-08,9.9009e-05,1
707783.634087,27.995915,2.7995915219584048e-08,0.01980198,1
51095238.095238,30.82479,3.082479030754892e-08,1.5,0
44142405.034639,30.409581,3.040958133088704e-08,1.287128712,0
8780687.380987,28.422266,2.8422266344294862e-08,0.247524752,1
17418831.135929,28.889346,2.8889345891625006e-08,0.495049504,1
61251268.221849,31.446741,3.144674067847156e-08,1.8162,0
67062499.999999,31.811121,3.1811121466293816e-08,2.0,0
1767710.031775,28.051344,2.8051343514758427e-08,0.04950495,0
53818181.791024,30.989719,3.0989719253923995e-08,1.584158415,0
67062499.999999,31.811121,3.1811121466293816e-08,2.0,1
89281391.823713,33.264362,3.3264362394917606e-08,2.722772277,1
50613207.51952,30.795731,3.079573087755936e-08,1.485148514,0
28944123.303336,29.530683,2.953068303733872e-08,0.831683168,1
67062499.999999,31.811121,3.1811121466293816e-08,2.0,0
66439628.45773,31.771763,3.177176344623955e-08,1.980198019,0
67062499.999999,31.811121,3.1811121466293816e-08,2.0,0
96666666.645849,33.769509,3.376950873502591e-08,2.970297029,0
67062500.0,31.811121,3.181112146629388e-08,2.0,0
34281150.129545,29.834925,2.98349250260212e-08,0.990099009,0
66439628.45773,31.771763,3.177176344623955e-08,1.980198019,0
17418831.135929,28.889346,2.8889345891625006e-08,0.495049504,0
30951923.046196,29.644591,2.9644591061770616e-08,0.891089108,1
34281150.129545,29.834925,2.98349250260212e-08,0.990099009,0
45443109.978589,30.486616,3.048661633940993e-08,1.326732673,0
106333333.333333,34.448276,3.4448275862068944e-08,3.3,0
67062499.999999,31.811121,3.1811121466293816e-08,2.0,1
34281150.129545,29.834925,2.98349250260212e-08,0.990099009,0
13980455.992597,28.702057,2.870205727080283e-08,0.396039603,0
67062499.999999,31.811121,3.1811121466293816e-08,2.0,0
17418831.135929,28.889346,2.8889345891625006e-08,0.495049504,0
27601286.142372,29.454866,2.945486616620569e-08,0.792079207,0
87654321.0,33.154596,3.315459627229411e-08,2.668738176,1
101770724.408443,34.125376,3.4125376148503004e-08,3.143564356,0
39892278.340974,30.159891,3.0159890578461595e-08,1.158415841,0
63313664.57056,31.575339,3.1575338795132114e-08,1.881188118,0
66439628.45773,31.771763,3.177176344623955e-08,1.980198019,0
67062500.0,31.811121,3.181112146629388e-08,2.0,0
97545454.545454,33.830382,3.3830382106244145e-08,3.0,0
50613207.51952,30.795731,3.079573087755936e-08,1.485148514,1
34281150.129545,29.834925,2.98349250260212e-08,0.990099009,0
3529605.227977,28.143846,2.814384582045034e-08,0.0990099,1
50613207.51952,30.795731,3.079573087755936e-08,1.485148514,0
73556409.465725,32.225852,3.2225851560849494e-08,2.207920792,0
34281150.129545,29.834925,2.98349250260212e-08,0.990099009,0
96666666.645849,33.769509,3.376950873502591e-08,2.970297029,0
66439628.45773,31.771763,3.177176344623955e-08,1.980198019,0
35.408998,27.958995,2.795899532152841e-08,9.9e-07,1
81783536.562398,32.763023,3.276302273206171e-08,2.475247524,0
247830.531722,27.971913,2.7971913315144606e-08,0.006930693,1
34281150.129545,29.834925,2.98349250260212e-08,0.990099009,1
34281150.129545,29.834925,2.98349250260212e-08,0.990099009,0
96666666.645849,33.769509,3.376950873502591e-08,2.970297029,1
354008.574488,27.977451,2.7977451302566102e-08,0.00990099,1
50613207.51952,30.795731,3.079573087755936e-08,1.485148514,0
125131195.318419,35.828161,3.582816089238039e-08,3.960396039,0
125131195.318419,35.828161,3.582816089238039e-08,3.960396039,0
7734600.25584,28.366473,2.836647260791279e-08,0.217821782,1
49969792.300969,30.757006,3.075700629091971e-08,1.465346534,0
96666666.645849,33.769509,3.376950873502591e-08,2.970297029,0
34281150.129545,29.834925,2.98349250260212e-08,0.990099009,0
97545454.545454,33.830382,3.3830382106244145e-08,3.0,0
66439628.45773,31.771763,3.177176344623955e-08,1.980198019,0
49969792.300969,30.757006,3.075700629091971e-08,1.465346534,0
7105960.2649,28.333023,2.833302267785023e-08,0.2,1
125131195.318419,35.828161,3.582816089238039e-08,3.960396039,0
38248249.519633,30.06413,3.006412975533328e-08,1.108910891,0
32619199.98635,29.739682,2.973968191127138e-08,0.940594059,0
60168224.272876,31.379523,3.137952321271039e-08,1.782178217,0
51000000.0,30.819046,3.0819045576571784e-08,1.497064579,0
34281150.129545,29.834925,2.98349250260212e-08,0.990099009,0
167376044.556893,39.248691,3.924869063076917e-08,5.544554455,0
97545454.545454,33.830382,3.3830382106244145e-08,3.0,0
41956331.455411,30.280766,3.028076601553739e-08,1.220792079,0
96666666.645849,33.769509,3.376950873502591e-08,2.970297029,0
34281150.129545,29.834925,2.98349250260212e-08,0.990099009,0
81783536.562398,32.763023,3.276302273206171e-08,2.475247524,0
66439628.45773,31.771763,3.177176344623955e-08,1.980198019,0
34281150.129545,29.834925,2.98349250260212e-08,0.990099009,0
34281150.129545,29.834925,2.98349250260212e-08,0.990099009,0
50000000.0,30.758823,3.07588227368759e-08,1.46627566,1
66439628.45773,31.771763,3.177176344623955e-08,1.980198019,0
707783.634087,27.995915,2.7995915219584048e-08,0.01980198,0
96666666.645849,33.769509,3.376950873502591e-08,2.970297029,0
81783536.562398,32.763023,3.276302273206171e-08,2.475247524,0
96666666.645849,33.769509,3.376950873502591e-08,2.970297029,1
84796352.561059,32.963102,3.296310179528323e-08,2.574257425,0
34281150.129545,29.834925,2.98349250260212e-08,0.990099009,0
1892479.21808,28.057879,2.805787908114115e-08,0.053005301,0
96666666.645849,33.769509,3.376950873502591e-08,2.970297029,1
354008.574488,27.977451,2.7977451302566102e-08,0.00990099,1
96666666.645849,33.769509,3.376950873502591e-08,2.970297029,1
70196261.682243,32.010252,3.201025163094129e-08,2.1,0
17418831.135929,28.889346,2.8889345891625006e-08,0.495049504,0
66439628.45773,31.771763,3.177176344623955e-08,1.980198019,0
66439628.45773,31.771763,3.177176344623955e-08,1.980198019,0
31926261.319534,29.700106,2.9700105622864227e-08,0.92,0
66439628.45773,31.771763,3.177176344623955e-08,1.980198019,0
13980455.992597,28.702057,2.870205727080283e-08,0.396039603,0
17418831.135929,28.889346,2.8889345891625006e-08,0.495049504,0
15702439.008573,28.795625,2.8795625448574022e-08,0.445544554,0
50613207.51952,30.795731,3.079573087755936e-08,1.485148514,0
50000000.0,30.758823,3.07588227368759e-08,1.46627566,0
97545454.545454,33.830382,3.3830382106244145e-08,3.0,0
66439628.45773,31.771763,3.177176344623955e-08,1.980198019,0
99999999.983405,34.001282,3.400128230877259e-08,3.083247687,0
2473164.282207,28.088326,2.8088326164975017e-08,0.06930693,1
7085849.056603,28.331954,2.8331953537441915e-08,0.199430199,0
66439628.45773,31.771763,3.177176344623955e-08,1.980198019,0
67899246.37739,31.864109,3.186410903043176e-08,2.02664,0
42511885.882992,30.313425,3.031342461311793e-08,1.237623762,0
29614249.019815,29.568628,2.9568628016069097e-08,0.851485148,0
34281150.129545,29.834925,2.98349250260212e-08,0.990099009,0
47711447.461541,30.621662,3.062166209236235e-08,1.396039603,0
125131195.318419,35.828161,3.582816089238039e-08,3.960396039,1
50613207.51952,30.795731,3.079573087755936e-08,1.485148514,0
354008.574488,27.977451,2.7977451302566102e-08,0.00990099,1
66439628.45773,31.771763,3.177176344623955e-08,1.980198019,0
3248091.57067,28.129035,2.8129035219185923e-08,0.091089108,0
81783536.562398,32.763023,3.276302273206171e-08,2.475247524,0
66439628.45773,31.771763,3.177176344623955e-08,1.980198019,0
66439628.45773,31.771763,3.177176344623955e-08,1.980198019,0
125131195.318419,35.828161,3.582816089238039e-08,3.960396039,0
97545454.545454,33.830382,3.3830382106244145e-08,3.0,0
66439628.45773,31.771763,3.177176344623955e-08,1.980198019,0
17590163.934426,28.898726,2.8898726312519402e-08,0.5,1
66439628.45773,31.771763,3.177176344623955e-08,1.980198019,0
34281150.129545,29.834925,2.98349250260212e-08,0.990099009,1
10519607.80911,28.515378,2.851537771866636e-08,0.297029702,1
67062499.999999,31.811121,3.1811121466293816e-08,2.0,0
66439628.45773,31.771763,3.177176344623955e-08,1.980198019,0
70196261.682243,32.010252,3.201025163094129e-08,2.1,0
67062499.999999,31.811121,3.1811121466293816e-08,2.0,0
125131195.318419,35.828161,3.582816089238039e-08,3.960396039,0
96666666.645849,33.769509,3.376950873502591e-08,2.970297029,0
96666666.645849,33.769509,3.376950873502591e-08,2.970297029,0
668119551.680943,196.366485,1.9636648503300367e-07,49.504950495,1
34281150.129545,29.834925,2.98349250260212e-08,0.990099009,1
67062499.999999,31.811121,3.1811121466293816e-08,2.0,1
96666666.645849,33.769509,3.376950873502591e-08,2.970297029,1
225894736.842105,44.858652,4.485865175520346e-08,8.0,0
17418831.135929,28.889346,2.8889345891625006e-08,0.495049504,0
34281150.129545,29.834925,2.98349250260212e-08,0.990099009,0
67062499.999999,31.811121,3.1811121466293816e-08,2.0,0
20834951.423962,29.077244,2.9077243581132898e-08,0.594059405,0
7105960.2649,28.333023,2.833302267785023e-08,0.2,1
73556409.465725,32.225852,3.2225851560849494e-08,2.207920792,0
34281150.129545,29.834925,2.98349250260212e-08,0.990099009,0
13980455.992597,28.702057,2.870205727080283e-08,0.396039603,0
96666666.645849,33.769509,3.376950873502591e-08,2.970297029,0
24229032.226263,29.26575,2.9265750339326476e-08,0.693069306,1
151983002.819554,37.94772,3.794771991830293e-08,4.950495049,0
97545454.545454,33.830382,3.3830382106244145e-08,3.0,0
66439628.45773,31.771763,3.177176344623955e-08,1.980198019,0
66439628.45773,31.771763,3.177176344623955e-08,1.980198019,0
57542586.750788,31.217459,3.121745883814845e-08,1.7,1
97545454.545454,33.830382,3.3830382106244145e-08,3.0,0
66439628.45773,31.771763,3.177176344623955e-08,1.980198019,0
67062499.999999,31.811121,3.1811121466293816e-08,2.0,0
101044843.043806,34.074424,3.407442374678675e-08,3.118811881,0
125131195.318419,35.828161,3.582816089238039e-08,3.960396039,0
126235294.117648,35.911774,3.59117738428084e-08,4.0,0
73556409.465725,32.225852,3.2225851560849494e-08,2.207920792,0
28709375.894996,29.517408,2.951740805048207e-08,0.824752475,1
17418831.135929,28.889346,2.8889345891625006e-08,0.495049504,1
96666666.645849,33.769509,3.376950873502591e-08,2.970297029,0
97545454.545454,33.830382,3.3830382106244145e-08,3.0,0
20834951.423962,29.077244,2.9077243581132898e-08,0.594059405,1
34281150.129545,29.834925,2.98349250260212e-08,0.990099009,0
84796352.561059,32.963102,3.296310179528323e-08,2.574257425,0
24229032.226263,29.26575,2.9265750339326476e-08,0.693069306,1
67062499.999999,31.811121,3.1811121466293816e-08,2.0,0
96666666.645849,33.769509,3.376950873502591e-08,2.970297029,0
225894736.842105,44.858652,4.485865175520346e-08,8.0,0
0.0,27.958993,2.7958993476234855e-08,0.0,1
66439628.45773,31.771763,3.177176344623955e-08,1.980198019,0
34281150.129545,29.834925,2.98349250260212e-08,0.990099009,0
0.0,27.958993,2.7958993476234855e-08,0.0,1
0.0,27.958993,2.7958993476234855e-08,0.0,1
0.0,27.958993,2.7958993476234855e-08,0.0,1
81783536.562398,32.763023,3.276302273206171e-08,2.475247524,0
81783536.562398,32.763023,3.276302273206171e-08,2.475247524,0
66439628.45773,31.771763,3.177176344623955e-08,1.980198019,0
1767710.031775,28.051344,2.8051343514758427e-08,0.04950495,0
30000000.041635,29.590504,2.959050383147841e-08,0.862895495,1
97545454.545454,33.830382,3.3830382106244145e-08,3.0,0
34281150.129545,29.834925,2.98349250260212e-08,0.990099009,0
66439628.45773,31.771763,3.177176344623955e-08,1.980198019,0
66439628.45773,31.771763,3.177176344623955e-08,1.980198019,0
66439628.45773,31.771763,3.177176344623955e-08,1.980198019,0
34281150.129545,29.834925,2.98349250260212e-08,0.990099009,0
70196261.682243,32.010252,3.201025163094129e-08,2.1,0
81783536.562398,32.763023,3.276302273206171e-08,2.475247524,0
66439628.45773,31.771763,3.177176344623955e-08,1.980198019,0
67062500.0,31.811121,3.181112146629388e-08,2.0,0
72633846.129529,32.16644,3.2166439954511366e-08,2.178217821,0
126235294.117647,35.911774,3.5911773842808325e-08,4.0,0
34612903.225806,29.853992,2.985399192295741e-08,1.0,0
67062500.0,31.811121,3.181112146629388e-08,2.0,1
66439628.45773,31.771763,3.177176344623955e-08,1.980198019,0
34281150.129545,29.834925,2.98349250260212e-08,0.990099009,0
67062500.0,31.811121,3.181112146629388e-08,2.0,0
81783536.562398,32.763023,3.276302273206171e-08,2.475247524,0
84796352.561059,32.963102,3.296310179528323e-08,2.574257425,0
97545454.545454,33.830382,3.3830382106244145e-08,3.0,0
66439628.45773,31.771763,3.177176344623955e-08,1.980198019,0
44142405.034639,30.409581,3.040958133088704e-08,1.287128712,0
66439628.45773,31.771763,3.177176344623955e-08,1.980198019,0
50613207.51952,30.795731,3.079573087755936e-08,1.485148514,0
66439628.45773,31.771763,3.177176344623955e-08,1.980198019,0
35421428.571428,29.900537,2.990053705094549e-08,1.024156518,1
66439628.45773,31.771763,3.177176344623955e-08,1.980198019,0
66439628.45773,31.771763,3.177176344623955e-08,1.980198019,0
125131195.318419,35.828161,3.582816089238039e-08,3.960396039,0
70196261.682243,32.010252,3.201025163094129e-08,2.1,0
96666666.645849,33.769509,3.376950873502591e-08,2.970297029,0
66439628.45773,31.771763,3.177176344623955e-08,1.980198019,0
67062499.999999,31.811121,3.1811121466293816e-08,2.0,0
34281150.129545,29.834925,2.98349250260212e-08,0.990099009,1
97545454.545454,33.830382,3.3830382106244145e-08,3.0,0
112104475.239073,34.863311,3.4863311415264284e-08,3.499999917,1
134516034.985422,36.548307,3.6548306927617216e-08,4.3,0
66439628.45773,31.771763,3.177176344623955e-08,1.980198019,0
50613207.51952,30.795731,3.079573087755936e-08,1.485148514,0
43816714.124635,30.390338,3.0390337805959745e-08,1.277227722,0
111109467.436838,34.791221,3.479122145513215e-08,3.465346534,0
34612903.225806,29.853992,2.985399192295741e-08,1.0,0
34281150.129545,29.834925,2.98349250260212e-08,0.990099009,0
55413145.529077,31.086942,3.108694184384623e-08,1.633663366,0
96666666.645849,33.769509,3.376950873502591e-08,2.970297029,0
34281150.129545,29.834925,2.98349250260212e-08,0.990099009,0
34281150.129545,29.834925,2.98349250260212e-08,0.990099009,0
50613207.51952,30.795731,3.079573087755936e-08,1.485148514,0
125131195.318419,35.828161,3.582816089238039e-08,3.960396039,0
125131195.318419,35.828161,3.582816089238039e-08,3.960396039,0
55938388.625592,31.119059,3.111905871388628e-08,1.65,0
81783536.562398,32.763023,3.276302273206171e-08,2.475247524,0
17418831.135929,28.889346,2.8889345891625006e-08,0.495049504,0
10519607.80911,28.515378,2.851537771866636e-08,0.297029702,1
67062499.999999,31.811121,3.1811121466293816e-08,2.0,0
55938388.625592,31.119059,3.111905871388628e-08,1.65,1
34612903.225806,29.853992,2.985399192295741e-08,1.0,0
20000000.0,29.03115,2.9031149638936915e-08,0.56980057,0
67062499.999999,31.811121,3.1811121466293816e-08,2.0,0
96666666.645849,33.769509,3.376950873502591e-08,2.970297029,0
34612903.225806,29.853992,2.985399192295741e-08,1.0,0
66439628.45773,31.771763,3.177176344623955e-08,1.980198019,0
44142405.034639,30.409581,3.040958133088704e-08,1.287128712,0
66439628.45773,31.771763,3.177176344623955e-08,1.980198019,0
67062499.999999,31.811121,3.1811121466293816e-08,2.0,0
81783536.562398,32.763023,3.276302273206171e-08,2.475247524,0
34281150.129545,29.834925,2.98349250260212e-08,0.990099009,0
111109467.436838,34.791221,3.479122145513215e-08,3.465346534,0
97545454.545454,33.830382,3.3830382106244145e-08,3.0,0
17418831.135929,28.889346,2.8889345891625006e-08,0.495049504,0
66433395.87242,31.77137,3.1771369990680314e-08,1.98,0
34281150.129545,29.834925,2.98349250260212e-08,0.990099009,0
111109467.436838,34.791221,3.479122145513215e-08,3.465346534,0
40876190.447028,30.21742,3.021742016057939e-08,1.188118811,0
41531091.36794,30.255804,3.025580367069727e-08,1.207920792,0
7734600.25584,28.366473,2.836647260791279e-08,0.217821782,1
34281150.129545,29.834925,2.98349250260212e-08,0.990099009,0
67062499.999999,31.811121,3.1811121466293816e-08,2.0,0
66439628.45773,31.771763,3.177176344623955e-08,1.980198019,0
44142405.034639,30.409581,3.040958133088704e-08,1.287128712,0
66433395.87242,31.77137,3.1771369990680314e-08,1.98,1
96666666.645849,33.769509,3.376950873502591e-08,2.970297029,1
97545454.545454,33.830382,3.3830382106244145e-08,3.0,1
82538461.538461,32.812985,3.281298539919226e-08,2.5,0
40876190.447028,30.21742,3.021742016057939e-08,1.188118811,1
34281150.129545,29.834925,2.98349250260212e-08,0.990099009,0
96666666.645849,33.769509,3.376950873502591e-08,2.970297029,0
63313664.57056,31.575339,3.1575338795132114e-08,1.881188118,0
66439628.45773,31.771763,3.177176344623955e-08,1.980198019,0
13980455.992597,28.702057,2.870205727080283e-08,0.396039603,0
34281150.129545,29.834925,2.98349250260212e-08,0.990099009,0
66439628.45773,31.771763,3.177176344623955e-08,1.980198019,0
66439628.45773,31.771763,3.177176344623955e-08,1.980198019,0
21039219.431372,29.088537,2.9088537019791604e-08,0.600000109,0
7312324.152769,28.343997,2.834399677271276e-08,0.205848045,1
84796352.561059,32.963102,3.296310179528323e-08,2.574257425,0
20834951.423962,29.077244,2.9077243581132898e-08,0.594059405,1
66439628.45773,31.771763,3.177176344623955e-08,1.980198019,0
67062499.999999,31.811121,3.1811121466293816e-08,2.0,0
97545454.545454,33.830382,3.3830382106244145e-08,3.0,0
67062499.999999,31.811121,3.1811121466293816e-08,2.0,1
34281150.129545,29.834925,2.98349250260212e-08,0.990099009,1
96666666.645849,33.769509,3.376950873502591e-08,2.970297029,0
34281150.129545,29.834925,2.98349250260212e-08,0.990099009,1
66439628.45773,31.771763,3.177176344623955e-08,1.980198019,0
67062499.999999,31.811121,3.1811121466293816e-08,2.0,0
44142405.034639,30.409581,3.040958133088704e-08,1.287128712,0
81783536.562398,32.763023,3.276302273206171e-08,2.475247524,0
40876190.447028,30.21742,3.021742016057939e-08,1.188118811,1
66439628.45773,31.771763,3.177176344623955e-08,1.980198019,0
66439628.45773,31.771763,3.177176344623955e-08,1.980198019,0
51095238.095238,30.82479,3.082479030754892e-08,1.5,0
31952929.868119,29.701627,2.9701627300178557e-08,0.920792079,0
67062499.999999,31.811121,3.1811121466293816e-08,2.0,0
39596738.803067,30.142642,3.0142642392981484e-08,1.14950495,0
49003149.594688,30.698965,3.06989650911107e-08,1.435643564,0
66439628.45773,31.771763,3.177176344623955e-08,1.980198019,0
33249906.466686,29.775773,2.9775772697257307e-08,0.959362447,1
66439628.45773,31.771763,3.177176344623955e-08,1.980198019,1
96666666.645849,33.769509,3.376950873502591e-08,2.970297029,0
60168224.272876,31.379523,3.137952321271039e-08,1.782178217,0
2478.838873,27.959123,2.7959122658117513e-08,6.9306e-05,1
66439628.45773,31.771763,3.177176344623955e-08,1.980198019,0
66439628.45773,31.771763,3.177176344623955e-08,1.980198019,0
7036065.53917,28.329307,2.8329307235215518e-08,0.198019801,0
34281150.129545,29.834925,2.98349250260212e-08,0.990099009,0
66439628.45773,31.771763,3.177176344623955e-08,1.980198019,0
50613207.51952,30.795731,3.079573087755936e-08,1.485148514,0
66439628.45773,31.771763,3.177176344623955e-08,1.980198019,0
106227.105164,27.96453,2.796453018461208e-08,0.002970297,1
67062499.999999,31.811121,3.1811121466293816e-08,2.0,1
112104475.239073,34.863311,3.4863311415264284e-08,3.499999917,0
1767710.031775,28.051344,2.8051343514758427e-08,0.04950495,1
34281150.129545,29.834925,2.98349250260212e-08,0.990099009,0
67062499.999999,31.811121,3.1811121466293816e-08,2.0,1
112104475.239073,34.863311,3.4863311415264284e-08,3.499999917,0
47355657.879363,30.600421,3.060042085261993e-08,1.385148514,0
50613207.51952,30.795731,3.079573087755936e-08,1.485148514,0
40876190.447028,30.21742,3.021742016057939e-08,1.188118811,1
50613207.51952,30.795731,3.079573087755936e-08,1.485148514,0
67062499.999999,31.811121,3.1811121466293816e-08,2.0,0
66439628.45773,31.771763,3.177176344623955e-08,1.980198019,0
89824108.962804,33.301097,3.33010966608022e-08,2.740835382,0
67062499.999999,31.811121,3.1811121466293816e-08,2.0,0
67062499.999999,31.811121,3.1811121466293816e-08,2.0,0
1061325.409773,28.014385,2.8014385227288803e-08,0.02970297,1
96666666.645849,33.769509,3.376950873502591e-08,2.970297029,0
97545454.545454,33.830382,3.3830382106244145e-08,3.0,0
1414634.132213,28.032861,2.8032861325680223e-08,0.03960396,1
96666666.645849,33.769509,3.376950873502591e-08,2.970297029,0
125131195.318419,35.828161,3.582816089238039e-08,3.960396039,0
34612903.225806,29.853992,2.985399192295741e-08,1.0,0
177355371.89071,40.128186,4.012818581279357e-08,5.940594059,0
40876190.447028,30.21742,3.021742016057939e-08,1.188118811,0
354008.574488,27.977451,2.7977451302566102e-08,0.00990099,1
66439628.45773,31.771763,3.177176344623955e-08,1.980198019,0
53818181.791024,30.989719,3.0989719253923995e-08,1.584158415,0
34281150.129545,29.834925,2.98349250260212e-08,0.990099009,0
81783536.562398,32.763023,3.276302273206171e-08,2.475247524,0
34281150.129545,29.834925,2.98349250260212e-08,0.990099009,0
81783536.562398,32.763023,3.276302273206171e-08,2.475247524,0
3529605.227977,28.143846,2.814384582045034e-08,0.0990099,1
10519607.80911,28.515378,2.851537771866636e-08,0.297029702,0
97545454.545454,33.830382,3.3830382106244145e-08,3.0,0
48353087.785778,30.660025,3.0660025053961984e-08,1.4157,0
34281150.129545,29.834925,2.98349250260212e-08,0.990099009,0
40876190.447028,30.21742,3.021742016057939e-08,1.188118811,0
97545454.545454,33.830382,3.3830382106244145e-08,3.0,1
151983002.819554,37.94772,3.794771991830293e-08,4.950495049,0
67062499.999999,31.811121,3.1811121466293816e-08,2.0,1
37589171.944844,30.025868,3.002586805895743e-08,1.08910891,1
34281150.129545,29.834925,2.98349250260212e-08,0.990099009,1
44142405.034639,30.409581,3.040958133088704e-08,1.287128712,0
125131195.318419,35.828161,3.582816089238039e-08,3.960396039,0
112104475.239073,34.863311,3.4863311415264284e-08,3.499999917,0
57003124.97333,31.184317,3.1184316698974405e-08,1.683168316,0
34281150.129545,29.834925,2.98349250260212e-08,0.990099009,0
47388012.590148,30.602352,3.0602351569880334e-08,1.386138613,0
66439628.45773,31.771763,3.177176344623955e-08,1.980198019,0
354008.574488,27.977451,2.7977451302566102e-08,0.00990099,1
112104475.239073,34.863311,3.4863311415264284e-08,3.499999917,0
66439628.45773,31.771763,3.177176344623955e-08,1.980198019,0
81783536.562398,32.763023,3.276302273206171e-08,2.475247524,0
34281150.129545,29.834925,2.98349250260212e-08,0.990099009,0
60168224.272876,31.379523,3.137952321271039e-08,1.782178217,0
112104475.239073,34.863311,3.4863311415264284e-08,3.499999917,0
39892278.340974,30.159891,3.0159890578461595e-08,1.158415841,1
67062499.999999,31.811121,3.1811121466293816e-08,2.0,0
34281150.129545,29.834925,2.98349250260212e-08,0.990099009,0
67062499.999999,31.811121,3.1811121466293816e-08,2.0,0
96666666.645849,33.769509,3.376950873502591e-08,2.970297029,0
112104475.239073,34.863311,3.4863311415264284e-08,3.499999917,0
10519607.80911,28.515378,2.851537771866636e-08,0.297029702,0
75702453.963868,32.364692,3.236469181167582e-08,2.277227722,0
34281150.129545,29.834925,2.98349250260212e-08,0.990099009,0
66439628.45773,31.771763,3.177176344623955e-08,1.980198019,0
112104475.239073,34.863311,3.4863311415264284e-08,3.499999917,0
34281150.129545,29.834925,2.98349250260212e-08,0.990099009,0
96666666.645849,33.769509,3.376950873502591e-08,2.970297029,0
96666666.645849,33.769509,3.376950873502591e-08,2.970297029,0
33816339.551231,29.808242,2.980824160536066e-08,0.976237623,1
10519607.80911,28.515378,2.851537771866636e-08,0.297029702,1
138749999.984966,36.880327,3.6880327046770716e-08,4.455445544,1
3529605.227977,28.143846,2.814384582045034e-08,0.0990099,0
66439628.45773,31.771763,3.177176344623955e-08,1.980198019,0
66439628.45773,31.771763,3.177176344623955e-08,1.980198019,0
67062499.999999,31.811121,3.1811121466293816e-08,2.0,0
67062499.999999,31.811121,3.1811121466293816e-08,2.0,1
66439628.45773,31.771763,3.177176344623955e-08,1.980198019,0
67062500.0,31.811121,3.181112146629388e-08,2.0,0
67899246.37739,31.864109,3.186410903043176e-08,2.02664,0
96666666.645849,33.769509,3.376950873502591e-08,2.970297029,0
354008.574488,27.977451,2.7977451302566102e-08,0.00990099,1
13980455.992597,28.702057,2.870205727080283e-08,0.396039603,0
66439628.45773,31.771763,3.177176344623955e-08,1.980198019,0
66439628.45773,31.771763,3.177176344623955e-08,1.980198019,0
97545454.545454,33.830382,3.3830382106244145e-08,3.0,0
20834951.423962,29.077244,2.9077243581132898e-08,0.594059405,0
96666666.645849,33.769509,3.376950873502591e-08,2.970297029,0
66439628.45773,31.771763,3.177176344623955e-08,1.980198019,0
66439628.45773,31.771763,3.177176344623955e-08,1.980198019,0
97545454.545454,33.830382,3.3830382106244145e-08,3.0,0
96666666.645849,33.769509,3.376950873502591e-08,2.970297029,0
44500427.034316,30.430756,3.0430756243050226e-08,1.298019801,0
30951923.046196,29.644591,2.9644591061770616e-08,0.891089108,1
71444306.160547,32.090078,3.209007766387073e-08,2.14,0
83519999.999999,32.878117,3.2878116946194183e-08,2.532239156,1
0.0,27.958993,2.7958993476234855e-08,0.0,1
6406600.588414,28.295879,2.8295879231626286e-08,0.180198019,1
45767772.499839,30.50589,3.0505890317771464e-08,1.336633663,0
66439628.45773,31.771763,3.177176344623955e-08,1.980198019,1
106333333.333333,34.448276,3.4448275862068944e-08,3.3,0
96666666.645849,33.769509,3.376950873502591e-08,2.970297029,0
66439628.45773,31.771763,3.177176344623955e-08,1.980198019,0
13980455.992597,28.702057,2.870205727080283e-08,0.396039603,0
81783536.562398,32.763023,3.276302273206171e-08,2.475247524,0
14325301.20275,28.720759,2.872075872649442e-08,0.405940594,1
34281150.129545,29.834925,2.98349250260212e-08,0.990099009,1
59141732.283464,31.316014,3.131601429015219e-08,1.75,0
225894736.842105,44.858652,4.485865175520346e-08,8.0,0
96666666.645849,33.769509,3.376950873502591e-08,2.970297029,0
35.408998,27.958995,2.795899532152841e-08,9.9e-07,0
34281150.129545,29.834925,2.98349250260212e-08,0.990099009,0
66439628.45773,31.771763,3.177176344623955e-08,1.980198019,0
96666666.645849,33.769509,3.376950873502591e-08,2.970297029,0
50613207.51952,30.795731,3.079573087755936e-08,1.485148514,0
66439628.45773,31.771763,3.177176344623955e-08,1.980198019,0
34281150.129545,29.834925,2.98349250260212e-08,0.990099009,0
97545454.545454,33.830382,3.3830382106244145e-08,3.0,0
96666666.645849,33.769509,3.376950873502591e-08,2.970297029,0
96666666.645849,33.769509,3.376950873502591e-08,2.970297029,1
66439628.45773,31.771763,3.177176344623955e-08,1.980198019,0
13980455.992597,28.702057,2.870205727080283e-08,0.396039603,1
15702439.008573,28.795625,2.8795625448574022e-08,0.445544554,1
30951923.046196,29.644591,2.9644591061770616e-08,0.891089108,1
32373486.415464,29.725639,2.9725639254036852e-08,0.933288341,1
67062499.999999,31.811121,3.1811121466293816e-08,2.0,0
70196261.682243,32.010252,3.201025163094129e-08,2.1,0
34281150.129545,29.834925,2.98349250260212e-08,0.990099009,1
24229032.226263,29.26575,2.9265750339326476e-08,0.693069306,0
17418831.135929,28.889346,2.8889345891625006e-08,0.495049504,0
41531091.36794,30.255804,3.025580367069727e-08,1.207920792,0
34281150.129545,29.834925,2.98349250260212e-08,0.990099009,0
24229032.226263,29.26575,2.9265750339326476e-08,0.693069306,0
53818181.791024,30.989719,3.0989719253923995e-08,1.584158415,0
34281150.129545,29.834925,2.98349250260212e-08,0.990099009,0
1357323.568574,28.029863,2.802986305739722e-08,0.037997467,1
50613207.51952,30.795731,3.079573087755936e-08,1.485148514,0
10519607.80911,28.515378,2.851537771866636e-08,0.297029702,0
125131195.318419,35.828161,3.582816089238039e-08,3.960396039,0
66439628.45773,31.771763,3.177176344623955e-08,1.980198019,0
66439628.45773,31.771763,3.177176344623955e-08,1.980198019,0
96666666.645849,33.769509,3.376950873502591e-08,2.970297029,0
24229032.226263,29.26575,2.9265750339326476e-08,0.693069306,0
2034630.738522,28.065328,2.80653279398724e-08,0.056994301,1
96666666.645849,33.769509,3.376950873502591e-08,2.970297029,0
44142405.034639,30.409581,3.040958133088704e-08,1.287128712,1
90767371.579545,33.365087,3.3365087127783185e-08,2.772277227,0
66439628.45773,31.771763,3.177176344623955e-08,1.980198019,0
96666666.645849,33.769509,3.376950873502591e-08,2.970297029,0
125131195.318419,35.828161,3.582816089238039e-08,3.960396039,0
66439628.45773,31.771763,3.177176344623955e-08,1.980198019,0
34281150.129545,29.834925,2.98349250260212e-08,0.990099009,0
57542586.750788,31.217459,3.121745883814845e-08,1.7,0
81783536.562398,32.763023,3.276302273206171e-08,2.475247524,0
62686140.440447,31.536127,3.153612695354884e-08,1.861386138,0
66439628.45773,31.771763,3.177176344623955e-08,1.980198019,0
32619199.98635,29.739682,2.973968191127138e-08,0.940594059,0
63313664.57056,31.575339,3.1575338795132114e-08,1.881188118,0
97545454.545454,33.830382,3.3830382106244145e-08,3.0,0
7036065.53917,28.329307,2.8329307235215518e-08,0.198019801,1
81783536.562398,32.763023,3.276302273206171e-08,2.475247524,0
125131195.318419,35.828161,3.582816089238039e-08,3.960396039,0
66439628.45773,31.771763,3.177176344623955e-08,1.980198019,0
126235294.117647,35.911774,3.5911773842808325e-08,4.0,0
225894736.842105,44.858652,4.485865175520346e-08,8.0,0
96666666.645849,33.769509,3.376950873502591e-08,2.970297029,0
66439628.45773,31.771763,3.177176344623955e-08,1.980198019,0
66439628.45773,31.771763,3.177176344623955e-08,1.980198019,0
66439628.45773,31.771763,3.177176344623955e-08,1.980198019,0
35.408998,27.958995,2.795899532152841e-08,9.9e-07,1
34281150.129545,29.834925,2.98349250260212e-08,0.990099009,0
35.408998,27.958995,2.795899532152841e-08,9.9e-07,1
60168224.272876,31.379523,3.137952321271039e-08,1.782178217,0
47388012.590148,30.602352,3.0602351569880334e-08,1.386138613,1
97545454.545454,33.830382,3.3830382106244145e-08,3.0,0
17418831.135929,28.889346,2.8889345891625006e-08,0.495049504,1
50613207.51952,30.795731,3.079573087755936e-08,1.485148514,0
66439628.45773,31.771763,3.177176344623955e-08,1.980198019,0
34281150.129545,29.834925,2.98349250260212e-08,0.990099009,1
15702439.008573,28.795625,2.8795625448574022e-08,0.445544554,1
66439628.45773,31.771763,3.177176344623955e-08,1.980198019,0
66439628.45773,31.771763,3.177176344623955e-08,1.980198019,0
53818181.791024,30.989719,3.0989719253923995e-08,1.584158415,0
60978255.378985,31.429776,3.1429776208920695e-08,1.807616952,0
66055045.87156,31.747499,3.174749889527931e-08,1.967983819,0
81783536.562398,32.763023,3.276302273206171e-08,2.475247524,0
66439628.45773,31.771763,3.177176344623955e-08,1.980198019,0
81783536.562398,32.763023,3.276302273206171e-08,2.475247524,0
884583.667995,28.005149,2.800514946210057e-08,0.024752475,1
67062499.999999,31.811121,3.1811121466293816e-08,2.0,0
98130434.776762,33.870995,3.3870994805790963e-08,3.01980198,1
82538461.538461,32.812985,3.281298539919226e-08,2.5,0
52908759.573237,30.934489,3.093448855398296e-08,1.556000801,0
97545454.545454,33.830382,3.3830382106244145e-08,3.0,0
53818181.791024,30.989719,3.0989719253923995e-08,1.584158415,0
94580547.112462,33.62566,3.362566014290152e-08,2.9,0
50613207.51952,30.795731,3.079573087755936e-08,1.485148514,0
34281150.129545,29.834925,2.98349250260212e-08,0.990099009,1
45767772.499839,30.50589,3.0505890317771464e-08,1.336633663,1
70196261.682243,32.010252,3.201025163094129e-08,2.1,0
111109467.436838,34.791221,3.479122145513215e-08,3.465346534,0
35.408998,27.958995,2.795899532152841e-08,9.9e-07,1
66439628.45773,31.771763,3.177176344623955e-08,1.980198019,0
35.408998,27.958995,2.795899532152841e-08,9.9e-07,1
96666666.645849,33.769509,3.376950873502591e-08,2.970297029,0
66439628.45773,31.771763,3.177176344623955e-08,1.980198019,0
96666666.645849,33.769509,3.376950873502591e-08,2.970297029,0
91400299.05883,33.408128,3.340812807151149e-08,2.793408524,0
744726756.0,298.710166,2.9871016581181233e-07,68.058555147,0
67062499.999999,31.811121,3.1811121466293816e-08,2.0,1
96666666.645849,33.769509,3.376950873502591e-08,2.970297029,0
66439628.45773,31.771763,3.177176344623955e-08,1.980198019,0
88596330.275229,33.21808,3.321808014911461e-08,2.7,0
97545454.545454,33.830382,3.3830382106244145e-08,3.0,0
66439628.45773,31.771763,3.177176344623955e-08,1.980198019,0
34281150.129545,29.834925,2.98349250260212e-08,0.990099009,0
96666666.645849,33.769509,3.376950873502591e-08,2.970297029,0
8432220.026046,28.403662,2.8403662341480772e-08,0.237623762,1
34281150.129545,29.834925,2.98349250260212e-08,0.990099009,0
151983002.819554,37.94772,3.794771991830293e-08,4.950495049,0
16046163.829912,28.814357,2.8814357355810768e-08,0.455445544,0
67062499.999999,31.811121,3.1811121466293816e-08,2.0,0
24229032.226263,29.26575,2.9265750339326476e-08,0.693069306,0
151983002.819554,37.94772,3.794771991830293e-08,4.950495049,0
66439628.45773,31.771763,3.177176344623955e-08,1.980198019,0
66439628.45773,31.771763,3.177176344623955e-08,1.980198019,0
34281150.129545,29.834925,2.98349250260212e-08,0.990099009,0
97545454.545454,33.830382,3.3830382106244145e-08,3.0,0
99999999.983405,34.001282,3.400128230877259e-08,3.083247687,0
112104475.239073,34.863311,3.4863311415264284e-08,3.499999917,0
81783536.562398,32.763023,3.276302273206171e-08,2.475247524,0
66439628.45773,31.771763,3.177176344623955e-08,1.980198019,0
34277831.592086,29.834734,2.9834734391487455e-08,0.990000001,0
44142405.034639,30.409581,3.040958133088704e-08,1.287128712,0
66433395.87242,31.77137,3.1771369990680314e-08,1.98,1
96666666.645849,33.769509,3.376950873502591e-08,2.970297029,1
97545454.545454,33.830382,3.3830382106244145e-08,3.0,1
82538461.538461,32.812985,3.281298539919226e-08,2.5,0
40876190.447028,30.21742,3.021742016057939e-08,1.188118811,1
34281150.129545,29.834925,2.98349250260212e-08,0.990099009,0
96666666.645849,33.769509,3.376950873502591e-08,2.970297029,0
63313664.57056,31.575339,3.1575338795132114e-08,1.881188118,0
66439628.45773,31.771763,3.177176344623955e-08,1.980198019,0
13980455.992597,28.702057,2.870205727080283e-08,0.396039603,0
34281150.129545,29.834925,2.98349250260212e-08,0.990099009,0
66439628.45773,31.771763,3.177176344623955e-08,1.980198019,0
66439628.45773,31.771763,3.177176344623955e-08,1.980198019,0
21039219.431372,29.088537,2.9088537019791604e-08,0.600000109,0
7312324.152769,28.343997,2.834399677271276e-08,0.205848045,1
84796352.561059,32.963102,3.296310179528323e-08,2.574257425,0
67062499.999999,31.811121,3.1811121466293816e-08,2.0,1
34281150.129545,29.834925,2.98349250260212e-08,0.990099009,1
96666666.645849,33.769509,3.376950873502591e-08,2.970297029,0
34281150.129545,29.834925,2.98349250260212e-08,0.990099009,1
66439628.45773,31.771763,3.177176344623955e-08,1.980198019,0
67062499.999999,31.811121,3.1811121466293816e-08,2.0,0
44142405.034639,30.409581,3.040958133088704e-08,1.287128712,0
81783536.562398,32.763023,3.276302273206171e-08,2.475247524,0
40876190.447028,30.21742,3.021742016057939e-08,1.188118811,1
66439628.45773,31.771763,3.177176344623955e-08,1.980198019,0
66439628.45773,31.771763,3.177176344623955e-08,1.980198019,0
51095238.095238,30.82479,3.082479030754892e-08,1.5,0
31952929.868119,29.701627,2.9701627300178557e-08,0.920792079,0
67062499.999999,31.811121,3.1811121466293816e-08,2.0,0
39596738.803067,30.142642,3.0142642392981484e-08,1.14950495,0
49003149.594688,30.698965,3.06989650911107e-08,1.435643564,0
66439628.45773,31.771763,3.177176344623955e-08,1.980198019,0
33249906.466686,29.775773,2.9775772697257307e-08,0.959362447,1
66439628.45773,31.771763,3.177176344623955e-08,1.980198019,1
96666666.645849,33.769509,3.376950873502591e-08,2.970297029,0
60168224.272876,31.379523,3.137952321271039e-08,1.782178217,0
2478.838873,27.959123,2.7959122658117513e-08,6.9306e-05,1
66439628.45773,31.771763,3.177176344623955e-08,1.980198019,0
66439628.45773,31.771763,3.177176344623955e-08,1.980198019,0
7036065.53917,28.329307,2.8329307235215518e-08,0.198019801,0
34281150.129545,29.834925,2.98349250260212e-08,0.990099009,0
66439628.45773,31.771763,3.177176344623955e-08,1.980198019,0
50613207.51952,30.795731,3.079573087755936e-08,1.485148514,0
66439628.45773,31.771763,3.177176344623955e-08,1.980198019,0
39892278.340974,30.159891,3.0159890578461595e-08,1.158415841,0
125131195.318419,35.828161,3.582816089238039e-08,3.960396039,0
34612903.225806,29.853992,2.985399192295741e-08,1.0,1
177355371.89071,40.128186,4.012818581279357e-08,5.940594059,0
40876190.447028,30.21742,3.021742016057939e-08,1.188118811,0
354008.574488,27.977451,2.7977451302566102e-08,0.00990099,1
66439628.45773,31.771763,3.177176344623955e-08,1.980198019,0
53818181.791024,30.989719,3.0989719253923995e-08,1.584158415,0
34281150.129545,29.834925,2.98349250260212e-08,0.990099009,0
81783536.562398,32.763023,3.276302273206171e-08,2.475247524,0
34281150.129545,29.834925,2.98349250260212e-08,0.990099009,0
81783536.562398,32.763023,3.276302273206171e-08,2.475247524,0
3529605.227977,28.143846,2.814384582045034e-08,0.0990099,1
10519607.80911,28.515378,2.851537771866636e-08,0.297029702,0
97545454.545454,33.830382,3.3830382106244145e-08,3.0,0
48353087.785778,30.660025,3.0660025053961984e-08,1.4157,0
34281150.129545,29.834925,2.98349250260212e-08,0.990099009,0
66439628.45773,31.771763,3.177176344623955e-08,1.980198019,0
97545454.545454,33.830382,3.3830382106244145e-08,3.0,0
73556409.465725,32.225852,3.2225851560849494e-08,2.207920792,0
66439628.45773,31.771763,3.177176344623955e-08,1.980198019,0
66439628.45773,31.771763,3.177176344623955e-08,1.980198019,0
177355371.89071,40.128186,4.012818581279357e-08,5.940594059,0
96666666.645849,33.769509,3.376950873502591e-08,2.970297029,0
5407692.307691,28.242953,2.8242953101309473e-08,0.151959477,0
66439628.45773,31.771763,3.177176344623955e-08,1.980198019,0
67062499.999999,31.811121,3.1811121466293816e-08,2.0,0
34281150.129545,29.834925,2.98349250260212e-08,0.990099009,0
151983002.819554,37.94772,3.794771991830293e-08,4.950495049,0
66439628.45773,31.771763,3.177176344623955e-08,1.980198019,0
8780687.380987,28.422266,2.8422266344294862e-08,0.247524752,1
34281150.129545,29.834925,2.98349250260212e-08,0.990099009,0
125131195.318419,35.828161,3.582816089238039e-08,3.960396039,0
3529605.227977,28.143846,2.814384582045034e-08,0.0990099,1
41236488.812422,30.238528,3.023852807518787e-08,1.1990099,0
177355371.89071,40.128186,4.012818581279357e-08,5.940594059,0
1767710.031775,28.051344,2.8051343514758427e-08,0.04950495,1
34281150.129545,29.834925,2.98349250260212e-08,0.990099009,0
40876190.447028,30.21742,3.021742016057939e-08,1.188118811,0
63313664.57056,31.575339,3.1575338795132114e-08,1.881188118,1
67062499.999999,31.811121,3.1811121466293816e-08,2.0,0
63313664.57056,31.575339,3.1575338795132114e-08,1.881188118,0
46416482.457052,30.544457,3.054445654655484e-08,1.356435643,1
50613207.51952,30.795731,3.079573087755936e-08,1.485148514,0
81783536.562398,32.763023,3.276302273206171e-08,2.475247524,0
66439628.45773,31.771763,3.177176344623955e-08,1.980198019,0
66439628.45773,31.771763,3.177176344623955e-08,1.980198019,0
34281150.129545,29.834925,2.98349250260212e-08,0.990099009,0
81783536.562398,32.763023,3.276302273206171e-08,2.475247524,0
5285714.268532,28.2365,2.8236500395183797e-08,0.148514851,1
44793168.878179,30.448087,3.0448086654746976e-08,1.306930693,0
34281150.129545,29.834925,2.98349250260212e-08,0.990099009,1
66439628.45773,31.771763,3.177176344623955e-08,1.980198019,1
50613207.51952,30.795731,3.079573087755936e-08,1.485148514,0
66439628.45773,31.771763,3.177176344623955e-08,1.980198019,0
34281150.129545,29.834925,2.98349250260212e-08,0.990099009,0
96666666.645849,33.769509,3.376950873502591e-08,2.970297029,0
84796352.561059,32.963102,3.296310179528323e-08,2.574257425,0
34281150.129545,29.834925,2.98349250260212e-08,0.990099009,0
1892479.21808,28.057879,2.805787908114115e-08,0.053005301,0
96666666.645849,33.769509,3.376950873502591e-08,2.970297029,0
354008.574488,27.977451,2.7977451302566102e-08,0.00990099,1
96666666.645849,33.769509,3.376950873502591e-08,2.970297029,1
70196261.682243,32.010252,3.201025163094129e-08,2.1,0
17418831.135929,28.889346,2.8889345891625006e-08,0.495049504,0
66439628.45773,31.771763,3.177176344623955e-08,1.980198019,0
66439628.45773,31.771763,3.177176344623955e-08,1.980198019,0
31926261.319534,29.700106,2.9700105622864227e-08,0.92,0
66439628.45773,31.771763,3.177176344623955e-08,1.980198019,0
13980455.992597,28.702057,2.870205727080283e-08,0.396039603,0
17418831.135929,28.889346,2.8889345891625006e-08,0.495049504,0
15702439.008573,28.795625,2.8795625448574022e-08,0.445544554,0
50613207.51952,30.795731,3.079573087755936e-08,1.485148514,0
50000000.0,30.758823,3.07588227368759e-08,1.46627566,0
97545454.545454,33.830382,3.3830382106244145e-08,3.0,0
66439628.45773,31.771763,3.177176344623955e-08,1.980198019,0
99999999.983405,34.001282,3.400128230877259e-08,3.083247687,0
98130434.776762,33.870995,3.3870994805790963e-08,3.01980198,1
66439628.45773,31.771763,3.177176344623955e-08,1.980198019,0
66439628.45773,31.771763,3.177176344623955e-08,1.980198019,0
34281150.129545,29.834925,2.98349250260212e-08,0.990099009,0
66439628.45773,31.771763,3.177176344623955e-08,1.980198019,1
20834951.423962,29.077244,2.9077243581132898e-08,0.594059405,1
47388012.590148,30.602352,3.0602351569880334e-08,1.386138613,0
66439628.45773,31.771763,3.177176344623955e-08,1.980198019,0
34281150.129545,29.834925,2.98349250260212e-08,0.990099009,0
125131195.318419,35.828161,3.582816089238039e-08,3.960396039,0
50613207.51952,30.795731,3.079573087755936e-08,1.485148514,0
354008.574488,27.977451,2.7977451302566102e-08,0.00990099,0
66439628.45773,31.771763,3.177176344623955e-08,1.980198019,0
3248091.57067,28.129035,2.8129035219185923e-08,0.091089108,0
81783536.562398,32.763023,3.276302273206171e-08,2.475247524,0
66439628.45773,31.771763,3.177176344623955e-08,1.980198019,0
66439628.45773,31.771763,3.177176344623955e-08,1.980198019,0
125131195.318419,35.828161,3.582816089238039e-08,3.960396039,0
97545454.545454,33.830382,3.3830382106244145e-08,3.0,0
66439628.45773,31.771763,3.177176344623955e-08,1.980198019,0
17590163.934426,28.898726,2.8898726312519402e-08,0.5,1
66439628.45773,31.771763,3.177176344623955e-08,1.980198019,0
34281150.129545,29.834925,2.98349250260212e-08,0.990099009,1
10519607.80911,28.515378,2.851537771866636e-08,0.297029702,1
67062499.999999,31.811121,3.1811121466293816e-08,2.0,0
66439628.45773,31.771763,3.177176344623955e-08,1.980198019,0
70196261.682243,32.010252,3.201025163094129e-08,2.1,0
67062499.999999,31.811121,3.1811121466293816e-08,2.0,0
66439628.45773,31.771763,3.177176344623955e-08,1.980198019,0
66439628.45773,31.771763,3.177176344623955e-08,1.980198019,0
96666666.645849,33.769509,3.376950873502591e-08,2.970297029,0
34281150.129545,29.834925,2.98349250260212e-08,0.990099009,0
225894736.842105,44.858652,4.485865175520346e-08,8.0,0
60168224.272876,31.379523,3.137952321271039e-08,1.782178217,0
81783536.562398,32.763023,3.276302273206171e-08,2.475247524,0
39235294.104827,30.121568,3.012156797715005e-08,1.138613861,0
39235294.104827,30.121568,3.012156797715005e-08,1.138613861,0
96666666.645849,33.769509,3.376950873502591e-08,2.970297029,0
34281150.129545,29.834925,2.98349250260212e-08,0.990099009,0
40876190.447028,30.21742,3.021742016057939e-08,1.188118811,0
66439628.45773,31.771763,3.177176344623955e-08,1.980198019,0
66439628.45773,31.771763,3.177176344623955e-08,1.980198019,1
17418831.135929,28.889346,2.8889345891625006e-08,0.495049504,1
82538461.538461,32.812985,3.281298539919226e-08,2.5,0
70196261.682243,32.010252,3.201025163094129e-08,2.1,0
66439628.45773,31.771763,3.177176344623955e-08,1.980198019,0
125131195.318419,35.828161,3.582816089238039e-08,3.960396039,1
66439628.45773,31.771763,3.177176344623955e-08,1.980198019,0
44142405.034639,30.409581,3.040958133088704e-08,1.287128712,0
50613207.51952,30.795731,3.079573087755936e-08,1.485148514,0
96666666.645849,33.769509,3.376950873502591e-08,2.970297029,0
354008.574488,27.977451,2.7977451302566102e-08,0.00990099,1
96666666.645849,33.769509,3.376950873502591e-08,2.970297029,0
73556409.465725,32.225852,3.2225851560849494e-08,2.207920792,0
66439628.45773,31.771763,3.177176344623955e-08,1.980198019,0
96666666.645849,33.769509,3.376950873502591e-08,2.970297029,0
50613207.51952,30.795731,3.079573087755936e-08,1.485148514,0
34281150.129545,29.834925,2.98349250260212e-08,0.990099009,0
66439628.45773,31.771763,3.177176344623955e-08,1.980198019,0
67062499.999999,31.811121,3.1811121466293816e-08,2.0,0
81783536.562398,32.763023,3.276302273206171e-08,2.475247524,1
66439628.45773,31.771763,3.177176344623955e-08,1.980198019,0
51095238.095238,30.82479,3.082479030754892e-08,1.5,0
37589171.944844,30.025868,3.002586805895743e-08,1.08910891,1
24585324.148712,29.285645,2.92856449906803e-08,0.7035,1
66439628.45773,31.771763,3.177176344623955e-08,1.980198019,1
34281150.129545,29.834925,2.98349250260212e-08,0.990099009,0
34281150.129545,29.834925,2.98349250260212e-08,0.990099009,0
97545454.545454,33.830382,3.3830382106244145e-08,3.0,0
177355371.89071,40.128186,4.012818581279357e-08,5.940594059,0
67062500.0,31.811121,3.181112146629388e-08,2.0,0
3529605.227977,28.143846,2.814384582045034e-08,0.0990099,0
70196261.682243,32.010252,3.201025163094129e-08,2.1,0
17590163.934426,28.898726,2.8898726312519402e-08,0.5,1
66439628.45773,31.771763,3.177176344623955e-08,1.980198019,0
177355371.89071,40.128186,4.012818581279357e-08,5.940594059,0
67062499.999999,31.811121,3.1811121466293816e-08,2.0,0
29614249.696207,29.568628,2.9568628054405805e-08,0.851485168,0
67062499.999999,31.811121,3.1811121466293816e-08,2.0,0
81783536.562398,32.763023,3.276302273206171e-08,2.475247524,0
112104475.239073,34.863311,3.4863311415264284e-08,3.499999917,0
34281150.129545,29.834925,2.98349250260212e-08,0.990099009,0
66439628.45773,31.771763,3.177176344623955e-08,1.980198019,0
66439628.45773,31.771763,3.177176344623955e-08,1.980198019,0
96666666.645849,33.769509,3.376950873502591e-08,2.970297029,1
153285714.285714,38.055297,3.805529667598631e-08,5.0,0
24229032.226263,29.26575,2.9265750339326476e-08,0.693069306,1
75702453.963868,32.364692,3.236469181167582e-08,2.277227722,0
66439628.45773,31.771763,3.177176344623955e-08,1.980198019,0
96666666.645849,33.769509,3.376950873502591e-08,2.970297029,0
67062499.999999,31.811121,3.1811121466293816e-08,2.0,0
45118242.169625,30.467348,3.0467348451735055e-08,1.316831683,0
60735849.056603,31.414725,3.141472506989743e-08,1.8,0
354008.574488,27.977451,2.7977451302566102e-08,0.00990099,0
34281150.129545,29.834925,2.98349250260212e-08,0.990099009,1
34281150.129545,29.834925,2.98349250260212e-08,0.990099009,0
126235294.117647,35.911774,3.5911773842808325e-08,4.0,0
66439628.45773,31.771763,3.177176344623955e-08,1.980198019,1
28373839.27781,29.498449,2.9498448960627683e-08,0.814851485,0
34281150.129545,29.834925,2.98349250260212e-08,0.990099009,1
66439628.45773,31.771763,3.177176344623955e-08,1.980198019,0
66433395.87242,31.77137,3.1771369990680314e-08,1.98,0
50613207.51952,30.795731,3.079573087755936e-08,1.485148514,0
151983002.819554,37.94772,3.794771991830293e-08,4.950495049,0
66439628.45773,31.771763,3.177176344623955e-08,1.980198019,0
40876190.447028,30.21742,3.021742016057939e-08,1.188118811,0
2825543.092292,28.106827,2.8106826626113357e-08,0.07920792,1
66439628.45773,31.771763,3.177176344623955e-08,1.980198019,0
66439628.45773,31.771763,3.177176344623955e-08,1.980198019,0
66439628.45773,31.771763,3.177176344623955e-08,1.980198019,0
3529605.227977,28.143846,2.814384582045034e-08,0.0990099,0
126235294.117647,35.911774,3.5911773842808325e-08,4.0,0
66439628.45773,31.771763,3.177176344623955e-08,1.980198019,1
34281150.129545,29.834925,2.98349250260212e-08,0.990099009,1
66439628.45773,31.771763,3.177176344623955e-08,1.980198019,0
67062499.999999,31.811121,3.1811121466293816e-08,2.0,0
34281150.129545,29.834925,2.98349250260212e-08,0.990099009,0
44467889.876369,30.428831,3.0428830946501065e-08,1.297029702,0
66439628.45773,31.771763,3.177176344623955e-08,1.980198019,0
66439628.45773,31.771763,3.177176344623955e-08,1.980198019,1
30000000.0,29.590504,2.9590503829115987e-08,0.862895494,1
67062499.999999,31.811121,3.1811121466293816e-08,2.0,0
34281150.129545,29.834925,2.98349250260212e-08,0.990099009,1
66439628.45773,31.771763,3.177176344623955e-08,1.980198019,0
3529605.227977,28.143846,2.814384582045034e-08,0.0990099,1
82538461.538461,32.812985,3.281298539919226e-08,2.5,0
99999999.983405,34.001282,3.400128230877259e-08,3.083247687,0
70196261.680057,32.010252,3.201025163080173e-08,2.1,0
60168224.272876,31.379523,3.137952321271039e-08,1.782178217,0
138749999.984966,36.880327,3.6880327046770716e-08,4.455445544,1
94580547.112462,33.62566,3.362566014290152e-08,2.9,0
34612903.225806,29.853992,2.985399192295741e-08,1.0,0
96666666.645849,33.769509,3.376950873502591e-08,2.970297029,0
66439628.45773,31.771763,3.177176344623955e-08,1.980198019,0
17418831.135929,28.889346,2.8889345891625006e-08,0.495049504,0
67062499.999999,31.811121,3.1811121466293816e-08,2.0,0
66439628.45773,31.771763,3.177176344623955e-08,1.980198019,0
50613207.51952,30.795731,3.079573087755936e-08,1.485148514,0
41203744.810489,30.236609,3.023660886932548e-08,1.198019801,0
354008.574488,27.977451,2.7977451302566102e-08,0.00990099,0
66439628.45773,31.771763,3.177176344623955e-08,1.980198019,0
66439628.45773,31.771763,3.177176344623955e-08,1.980198019,1
34281150.129545,29.834925,2.98349250260212e-08,0.990099009,1
66439628.45773,31.771763,3.177176344623955e-08,1.980198019,1
40876190.447028,30.21742,3.021742016057939e-08,1.188118811,0
96666666.645849,33.769509,3.376950873502591e-08,2.970297029,0
66439628.45773,31.771763,3.177176344623955e-08,1.980198019,0
66439628.45773,31.771763,3.177176344623955e-08,1.980198019,0
34281150.129545,29.834925,2.98349250260212e-08,0.990099009,1
97545454.545454,33.830382,3.3830382106244145e-08,3.0,0
99999999.983405,34.001282,3.400128230877259e-08,3.083247687,0
96666666.645849,33.769509,3.376950873502591e-08,2.970297029,0
97545454.545454,33.830382,3.3830382106244145e-08,3.0,0
34281150.129545,29.834925,2.98349250260212e-08,0.990099009,0
0.038,27.958993,2.7958993478215175e-08,1e-09,1
34281150.129545,29.834925,2.98349250260212e-08,0.990099009,0
31795306.863602,29.692635,2.9692635205928684e-08,0.916111128,0
60168224.272876,31.379523,3.137952321271039e-08,1.782178217,0
37589171.944844,30.025868,3.002586805895743e-08,1.08910891,0
25000000.0,29.308825,2.930882524328419e-08,0.715648855,0
67062500.0,31.811121,3.181112146629388e-08,2.0,0
67062499.999999,31.811121,3.1811121466293816e-08,2.0,0
13980455.992597,28.702057,2.870205727080283e-08,0.396039603,0
81783536.562398,32.763023,3.276302273206171e-08,2.475247524,0
66439628.45773,31.771763,3.177176344623955e-08,1.980198019,0
96666666.645849,33.769509,3.376950873502591e-08,2.970297029,0
96666666.645849,33.769509,3.376950873502591e-08,2.970297029,0
3529605.227977,28.143846,2.814384582045034e-08,0.0990099,1
55413145.529077,31.086942,3.108694184384623e-08,1.633663366,0
34281150.129545,29.834925,2.98349250260212e-08,0.990099009,1
10519607.80911,28.515378,2.851537771866636e-08,0.297029702,0
27601286.142372,29.454866,2.945486616620569e-08,0.792079207,1
81783536.562398,32.763023,3.276302273206171e-08,2.475247524,1
66439628.45773,31.771763,3.177176344623955e-08,1.980198019,0
67062499.999999,31.811121,3.1811121466293816e-08,2.0,0
67062499.999999,31.811121,3.1811121466293816e-08,2.0,0
34281150.129545,29.834925,2.98349250260212e-08,0.990099009,1
96666666.645849,33.769509,3.376950873502591e-08,2.970297029,0
34281150.129545,29.834925,2.98349250260212e-08,0.990099009,1
66439628.45773,31.771763,3.177176344623955e-08,1.980198019,0
67062499.999999,31.811121,3.1811121466293816e-08,2.0,0
44142405.034639,30.409581,3.040958133088704e-08,1.287128712,0
81783536.562398,32.763023,3.276302273206171e-08,2.475247524,0
40876190.447028,30.21742,3.021742016057939e-08,1.188118811,1
66439628.45773,31.771763,3.177176344623955e-08,1.980198019,0
66439628.45773,31.771763,3.177176344623955e-08,1.980198019,0
51095238.095238,30.82479,3.082479030754892e-08,1.5,0
31952929.868119,29.701627,2.9701627300178557e-08,0.920792079,0
67062499.999999,31.811121,3.1811121466293816e-08,2.0,0
39596738.803067,30.142642,3.0142642392981484e-08,1.14950495,0
49003149.594688,30.698965,3.06989650911107e-08,1.435643564,0
66439628.45773,31.771763,3.177176344623955e-08,1.980198019,0
33249906.466686,29.775773,2.9775772697257307e-08,0.959362447,1
66439628.45773,31.771763,3.177176344623955e-08,1.980198019,1
96666666.645849,33.769509,3.376950873502591e-08,2.970297029,0
60168224.272876,31.379523,3.137952321271039e-08,1.782178217,0
2478.838873,27.959123,2.7959122658117513e-08,6.9306e-05,1
66439628.45773,31.771763,3.177176344623955e-08,1.980198019,0
66439628.45773,31.771763,3.177176344623955e-08,1.980198019,0
7036065.53917,28.329307,2.8329307235215518e-08,0.198019801,0
34281150.129545,29.834925,2.98349250260212e-08,0.990099009,0
66439628.45773,31.771763,3.177176344623955e-08,1.980198019,0
50613207.51952,30.795731,3.079573087755936e-08,1.485148514,0
66439628.45773,31.771763,3.177176344623955e-08,1.980198019,0
39892278.340974,30.159891,3.0159890578461595e-08,1.158415841,0
103941877.789137,34.278462,3.427846175646822e-08,3.217821782,0
707783.634087,27.995915,2.7995915219584048e-08,0.01980198,1
34281150.129545,29.834925,2.98349250260212e-08,0.990099009,0
3529605.227977,28.143846,2.814384582045034e-08,0.0990099,1
34281150.129545,29.834925,2.98349250260212e-08,0.990099009,1
66439628.45773,31.771763,3.177176344623955e-08,1.980198019,0
73556409.465725,32.225852,3.2225851560849494e-08,2.207920792,0
1428761.651131,28.0336,2.803360049704873e-08,0.04,1
34281150.129545,29.834925,2.98349250260212e-08,0.990099009,1
66439628.45773,31.771763,3.177176344623955e-08,1.980198019,0
50613207.51952,30.795731,3.079573087755936e-08,1.485148514,0
268249999.999999,49.704877,4.970487729108407e-08,10.0,0
30951923.046196,29.644591,2.9644591061770616e-08,0.891089108,0
66439628.45773,31.771763,3.177176344623955e-08,1.980198019,0
66439628.45773,31.771763,3.177176344623955e-08,1.980198019,0
744258073.0,297.859039,2.9785903873118166e-07,67.918754367,0
67062499.999999,31.811121,3.1811121466293816e-08,2.0,0
97545454.545454,33.830382,3.3830382106244145e-08,3.0,0
17418831.135929,28.889346,2.8889345891625006e-08,0.495049504,0
66439628.45773,31.771763,3.177176344623955e-08,1.980198019,0
34281150.129545,29.834925,2.98349250260212e-08,0.990099009,0
12252854.796132,28.608641,2.860864136209163e-08,0.346534653,0
97545454.545454,33.830382,3.3830382106244145e-08,3.0,0
96666666.645849,33.769509,3.376950873502591e-08,2.970297029,0
44142405.034639,30.409581,3.040958133088704e-08,1.287128712,0
34281150.129545,29.834925,2.98349250260212e-08,0.990099009,0
66439628.45773,31.771763,3.177176344623955e-08,1.980198019,0
60168224.272876,31.379523,3.137952321271039e-08,1.782178217,0
50613207.51952,30.795731,3.079573087755936e-08,1.485148514,0
34281150.129545,29.834925,2.98349250260212e-08,0.990099009,0
34281150.129545,29.834925,2.98349250260212e-08,0.990099009,0
33949185.016247,29.815864,2.981586422169778e-08,0.980198019,1
7036065.53917,28.329307,2.8329307235215518e-08,0.198019801,0
34281150.129545,29.834925,2.98349250260212e-08,0.990099009,0
66439628.45773,31.771763,3.177176344623955e-08,1.980198019,0
96666666.645849,33.769509,3.376950873502591e-08,2.970297029,0
50613207.51952,30.795731,3.079573087755936e-08,1.485148514,0
66439628.45773,31.771763,3.177176344623955e-08,1.980198019,0
66439628.45773,31.771763,3.177176344623955e-08,1.980198019,0
34281150.129545,29.834925,2.98349250260212e-08,0.990099009,0
125131195.318419,35.828161,3.582816089238039e-08,3.960396039,0
67062499.999999,31.811121,3.1811121466293816e-08,2.0,1
81783536.562398,32.763023,3.276302273206171e-08,2.475247524,0
57003124.97333,31.184317,3.1184316698974405e-08,1.683168316,0
103363853.237102,34.237605,3.423760542738696e-08,3.198019801,0
24229032.226263,29.26575,2.9265750339326476e-08,0.693069306,0
151983002.819554,37.94772,3.794771991830293e-08,4.950495049,0
64879069.757751,31.673475,3.167347498809207e-08,1.930693069,0
34281150.129545,29.834925,2.98349250260212e-08,0.990099009,0
44728129.544834,30.444235,3.044423502623173e-08,1.304950495,0
3529605.227977,28.143846,2.814384582045034e-08,0.0990099,0
66439628.45773,31.771763,3.177176344623955e-08,1.980198019,0
177355371.89071,40.128186,4.012818581279357e-08,5.940594059,0
50613207.51952,30.795731,3.079573087755936e-08,1.485148514,0
34281150.129545,29.834925,2.98349250260212e-08,0.990099009,0
67062499.999999,31.811121,3.1811121466293816e-08,2.0,0
66439628.45773,31.771763,3.177176344623955e-08,1.980198019,0
177355371.89071,40.128186,4.012818581279357e-08,5.940594059,0
50613207.51952,30.795731,3.079573087755936e-08,1.485148514,0
66439628.45773,31.771763,3.177176344623955e-08,1.980198019,0
151983002.819554,37.94772,3.794771991830293e-08,4.950495049,0
44467889.876369,30.428831,3.0428830946501065e-08,1.297029702,0
20834951.423962,29.077244,2.9077243581132898e-08,0.594059405,1
97545454.545454,33.830382,3.3830382106244145e-08,3.0,0
166239436.619718,39.150357,3.9150357253805496e-08,5.5,0
66439628.45773,31.771763,3.177176344623955e-08,1.980198019,0
60168224.272876,31.379523,3.137952321271039e-08,1.782178217,0
66439628.45773,31.771763,3.177176344623955e-08,1.980198019,0
24229032.226263,29.26575,2.9265750339326476e-08,0.693069306,1
34281150.129545,29.834925,2.98349250260212e-08,0.990099009,0
96666666.645849,33.769509,3.376950873502591e-08,2.970297029,1
34281150.129545,29.834925,2.98349250260212e-08,0.990099009,0
50613207.51952,30.795731,3.079573087755936e-08,1.485148514,0
2473164.282207,28.088326,2.8088326164975017e-08,0.06930693,0
97545454.545454,33.830382,3.3830382106244145e-08,3.0,0
66439628.45773,31.771763,3.177176344623955e-08,1.980198019,0
66439628.45773,31.771763,3.177176344623955e-08,1.980198019,0
96666666.645849,33.769509,3.376950873502591e-08,2.970297029,0
96666666.645849,33.769509,3.376950873502591e-08,2.970297029,0
33816339.551231,29.808242,2.980824160536066e-08,0.976237623,0
10519607.80911,28.515378,2.851537771866636e-08,0.297029702,1
138749999.984966,36.880327,3.6880327046770716e-08,4.455445544,1
3529605.227977,28.143846,2.814384582045034e-08,0.0990099,0
66439628.45773,31.771763,3.177176344623955e-08,1.980198019,0
66439628.45773,31.771763,3.177176344623955e-08,1.980198019,0
67062499.999999,31.811121,3.1811121466293816e-08,2.0,0
67062499.999999,31.811121,3.1811121466293816e-08,2.0,0
66439628.45773,31.771763,3.177176344623955e-08,1.980198019,0
67062500.0,31.811121,3.181112146629388e-08,2.0,0
96666666.645849,33.769509,3.376950873502591e-08,2.970297029,1
67062499.999999,31.811121,3.1811121466293816e-08,2.0,0
51095238.095238,30.82479,3.082479030754892e-08,1.5,0
35765.474484,27.960857,2.796085744019881e-08,0.001,1
66439628.45773,31.771763,3.177176344623955e-08,1.980198019,0
27601286.142372,29.454866,2.945486616620569e-08,0.792079207,1
96666666.645849,33.769509,3.376950873502591e-08,2.970297029,0
357547.484171,27.977636,2.7977635911773793e-08,0.01,1
84796352.561059,32.963102,3.296310179528323e-08,2.574257425,0
357547.484171,27.977636,2.7977635911773793e-08,0.01,1
34281150.129545,29.834925,2.98349250260212e-08,0.990099009,0
37512623.986094,30.021429,3.0021428924288995e-08,1.086810661,0
357547.484171,27.977636,2.7977635911773793e-08,0.01,1
34281150.129545,29.834925,2.98349250260212e-08,0.990099009,0
357547.484171,27.977636,2.7977635911773793e-08,0.01,1
34266780.293225,29.8341,2.983409955897031e-08,0.989670292,0
357547.484171,27.977636,2.7977635911773793e-08,0.01,1
357547.484171,27.977636,2.7977635911773793e-08,0.01,1
25917874.381634,29.360232,2.9360232120135385e-08,0.742574257,0
66439628.45773,31.771763,3.177176344623955e-08,1.980198019,0
357547.484171,27.977636,2.7977635911773793e-08,0.01,1
357547.484171,27.977636,2.7977635911773793e-08,0.01,1
740261415.0,290.746601,2.90746600736673e-07,66.742612523,0
357547.484171,27.977636,2.7977635911773793e-08,0.01,1
225894736.842105,44.858652,4.485865175520346e-08,8.0,0
357547.484171,27.977636,2.7977635911773793e-08,0.01,1
39235294.104827,30.121568,3.012156797715005e-08,1.138613861,0
29614249.019815,29.568628,2.9568628016069097e-08,0.851485148,0
97545454.545454,33.830382,3.3830382106244145e-08,3.0,0
105383928.551845,34.380709,3.438070916103261e-08,3.267326732,0
53038022.813688,30.94233,3.094232991612301e-08,1.56,0
34281150.129545,29.834925,2.98349250260212e-08,0.990099009,0
5338308.457711,28.239282,2.8239282385834085e-08,0.15,0
42511885.882992,30.313425,3.031342461311793e-08,1.237623762,0
51095238.095238,30.82479,3.082479030754892e-08,1.5,0
44565495.207667,30.434607,3.0434607020813874e-08,1.3,1
177355371.89071,40.128186,4.012818581279357e-08,5.940594059,0
66439628.45773,31.771763,3.177176344623955e-08,1.980198019,0
66439628.45773,31.771763,3.177176344623955e-08,1.980198019,0
24229032.226263,29.26575,2.9265750339326476e-08,0.693069306,0
93135623.854444,33.526563,3.3526563418119394e-08,2.851485148,1
354008.574488,27.977451,2.7977451302566102e-08,0.00990099,1
112104475.239073,34.863311,3.4863311415264284e-08,3.499999917,0
46772923.812448,30.565678,3.056567835700658e-08,1.367326732,0
96666666.645849,33.769509,3.376950873502591e-08,2.970297029,0
66439628.45773,31.771763,3.177176344623955e-08,1.980198019,0
34281150.129545,29.834925,2.98349250260212e-08,0.990099009,0
97545454.545454,33.830382,3.3830382106244145e-08,3.0,0
17418831.135929,28.889346,2.8889345891625006e-08,0.495049504,0
66439628.45773,31.771763,3.177176344623955e-08,1.980198019,0
34281150.129545,29.834925,2.98349250260212e-08,0.990099009,0
84796352.561059,32.963102,3.296310179528323e-08,2.574257425,0
66439628.45773,31.771763,3.177176344623955e-08,1.980198019,0
97545454.545454,33.830382,3.3830382106244145e-08,3.0,0
51000000.0,30.819046,3.0819045576571784e-08,1.497064579,1
17418831.135929,28.889346,2.8889345891625006e-08,0.495049504,0
100172351.8589,34.013331,3.4013331110836906e-08,3.08910891,0
66439628.45773,31.771763,3.177176344623955e-08,1.980198019,0
50613207.51952,30.795731,3.079573087755936e-08,1.485148514,0
3529605.227977,28.143846,2.814384582045034e-08,0.0990099,1
14292980.178497,28.719005,2.871900513432531e-08,0.405012338,0
5601201.59496,28.253194,2.8253194389072475e-08,0.157425742,1
24229032.226263,29.26575,2.9265750339326476e-08,0.693069306,1
12500000.0,28.621977,2.8621977170438804e-08,0.353606789,0
15702439.008573,28.795625,2.8795625448574022e-08,0.445544554,0
177355371.89071,40.128186,4.012818581279357e-08,5.940594059,1
55413145.529077,31.086942,3.108694184384623e-08,1.633663366,0
153285714.285714,38.055297,3.805529667598631e-08,5.0,0
50613207.51952,30.795731,3.079573087755936e-08,1.485148514,1
60168224.272876,31.379523,3.137952321271039e-08,1.782178217,0
44142405.034639,30.409581,3.040958133088704e-08,1.287128712,0
3541.210212,27.959178,2.7959178022671674e-08,9.9009e-05,1
126235294.117647,35.911774,3.5911773842808325e-08,4.0,0
97545454.545454,33.830382,3.3830382106244145e-08,3.0,0
34281150.129545,29.834925,2.98349250260212e-08,0.990099009,0
84796352.561059,32.963102,3.296310179528323e-08,2.574257425,0
40548428.046502,30.198238,3.019823754252007e-08,1.178217821,0
96666666.645849,33.769509,3.376950873502591e-08,2.970297029,0
66439628.45773,31.771763,3.177176344623955e-08,1.980198019,0
28843530.195497,29.524993,2.952499339181612e-08,0.828712871,1
66439628.45773,31.771763,3.177176344623955e-08,1.980198019,0
42511885.882992,30.313425,3.031342461311793e-08,1.237623762,0
87790909.068816,33.16379,3.316378992719037e-08,2.673267326,0
37589171.944844,30.025868,3.002586805895743e-08,1.08910891,0
34281150.129545,29.834925,2.98349250260212e-08,0.990099009,0
97545454.545454,33.830382,3.3830382106244145e-08,3.0,0
51095238.095238,30.82479,3.082479030754892e-08,1.5,0
66439628.45773,31.771763,3.177176344623955e-08,1.980198019,0
34281150.129545,29.834925,2.98349250260212e-08,0.990099009,0
17418831.135929,28.889346,2.8889345891625006e-08,0.495049504,0
34281150.129545,29.834925,2.98349250260212e-08,0.990099009,0
34281150.129545,29.834925,2.98349250260212e-08,0.990099009,0
126235294.117647,35.911774,3.5911773842808325e-08,4.0,0
742714004.0,295.080599,2.950805989844898e-07,67.460989536,0
40876190.447028,30.21742,3.021742016057939e-08,1.188118811,1
2034630.738522,28.065328,2.80653279398724e-08,0.056994301,1
67062499.999999,31.811121,3.1811121466293816e-08,2.0,1
66439628.45773,31.771763,3.177176344623955e-08,1.980198019,0
15702439.008573,28.795625,2.8795625448574022e-08,0.445544554,1
96666666.645849,33.769509,3.376950873502591e-08,2.970297029,0
34281150.129545,29.834925,2.98349250260212e-08,0.990099009,0
34281150.129545,29.834925,2.98349250260212e-08,0.990099009,0
130626086.940405,36.2472,3.624720014807946e-08,4.158415841,0
60168224.272876,31.379523,3.137952321271039e-08,1.782178217,0
5285714.268532,28.2365,2.8236500395183797e-08,0.148514851,0
66439628.45773,31.771763,3.177176344623955e-08,1.980198019,0
53818181.791024,30.989719,3.0989719253923995e-08,1.584158415,0
81783536.562398,32.763023,3.276302273206171e-08,2.475247524,0
66439628.45773,31.771763,3.177176344623955e-08,1.980198019,0
66439628.45773,31.771763,3.177176344623955e-08,1.980198019,1
34281150.129545,29.834925,2.98349250260212e-08,0.990099009,0
66439628.45773,31.771763,3.177176344623955e-08,1.980198019,0
67062499.999999,31.811121,3.1811121466293816e-08,2.0,0
34281150.129545,29.834925,2.98349250260212e-08,0.990099009,0
44467889.876369,30.428831,3.0428830946501065e-08,1.297029702,0
66439628.45773,31.771763,3.177176344623955e-08,1.980198019,0
66439628.45773,31.771763,3.177176344623955e-08,1.980198019,1
30000000.0,29.590504,2.9590503829115987e-08,0.862895494,0
67062499.999999,31.811121,3.1811121466293816e-08,2.0,0
34281150.129545,29.834925,2.98349250260212e-08,0.990099009,1
66439628.45773,31.771763,3.177176344623955e-08,1.980198019,0
3529605.227977,28.143846,2.814384582045034e-08,0.0990099,1
82538461.538461,32.812985,3.281298539919226e-08,2.5,0
99999999.983405,34.001282,3.400128230877259e-08,3.083247687,0
70196261.680057,32.010252,3.201025163080173e-08,2.1,0
60168224.272876,31.379523,3.137952321271039e-08,1.782178217,0
66439628.45773,31.771763,3.177176344623955e-08,1.980198019,1
29279293.725895,29.549652,2.954965248136055e-08,0.841584158,0
67062499.999999,31.811121,3.1811121466293816e-08,2.0,0
1767710.031775,28.051344,2.8051343514758427e-08,0.04950495,0
66439628.45773,31.771763,3.177176344623955e-08,1.980198019,1
50613207.51952,30.795731,3.079573087755936e-08,1.485148514,0
34281150.129545,29.834925,2.98349250260212e-08,0.990099009,0
66439628.45773,31.771763,3.177176344623955e-08,1.980198019,0
34281150.129545,29.834925,2.98349250260212e-08,0.990099009,1
66439628.45773,31.771763,3.177176344623955e-08,1.980198019,1
40876190.447028,30.21742,3.021742016057939e-08,1.188118811,0
96666666.645849,33.769509,3.376950873502591e-08,2.970297029,0
66439628.45773,31.771763,3.177176344623955e-08,1.980198019,0
66439628.45773,31.771763,3.177176344623955e-08,1.980198019,0
34281150.129545,29.834925,2.98349250260212e-08,0.990099009,0
97545454.545454,33.830382,3.3830382106244145e-08,3.0,0
99999999.983405,34.001282,3.400128230877259e-08,3.083247687,0
96666666.645849,33.769509,3.376950873502591e-08,2.970297029,0
97545454.545454,33.830382,3.3830382106244145e-08,3.0,0
34281150.129545,29.834925,2.98349250260212e-08,0.990099009,0
0.038,27.958993,2.7958993478215175e-08,1e-09,1
34281150.129545,29.834925,2.98349250260212e-08,0.990099009,0
31795306.863602,29.692635,2.9692635205928684e-08,0.916111128,0
60168224.272876,31.379523,3.137952321271039e-08,1.782178217,0
37589171.944844,30.025868,3.002586805895743e-08,1.08910891,0
25000000.0,29.308825,2.930882524328419e-08,0.715648855,0
67062500.0,31.811121,3.181112146629388e-08,2.0,0
67062499.999999,31.811121,3.1811121466293816e-08,2.0,0
13980455.992597,28.702057,2.870205727080283e-08,0.396039603,0
66439628.45773,31.771763,3.177176344623955e-08,1.980198019,1
67062499.999999,31.811121,3.1811121466293816e-08,2.0,0
67062499.999999,31.811121,3.1811121466293816e-08,2.0,1
34281150.129545,29.834925,2.98349250260212e-08,0.990099009,1
96666666.645849,33.769509,3.376950873502591e-08,2.970297029,0
34281150.129545,29.834925,2.98349250260212e-08,0.990099009,1
66439628.45773,31.771763,3.177176344623955e-08,1.980198019,0
67062499.999999,31.811121,3.1811121466293816e-08,2.0,0
44142405.034639,30.409581,3.040958133088704e-08,1.287128712,0
81783536.562398,32.763023,3.276302273206171e-08,2.475247524,0
40876190.447028,30.21742,3.021742016057939e-08,1.188118811,1
66439628.45773,31.771763,3.177176344623955e-08,1.980198019,0
66439628.45773,31.771763,3.177176344623955e-08,1.980198019,0
51095238.095238,30.82479,3.082479030754892e-08,1.5,0
31952929.868119,29.701627,2.9701627300178557e-08,0.920792079,0
67062499.999999,31.811121,3.1811121466293816e-08,2.0,0
39596738.803067,30.142642,3.0142642392981484e-08,1.14950495,0
49003149.594688,30.698965,3.06989650911107e-08,1.435643564,0
66439628.45773,31.771763,3.177176344623955e-08,1.980198019,0
33249906.466686,29.775773,2.9775772697257307e-08,0.959362447,1
66439628.45773,31.771763,3.177176344623955e-08,1.980198019,1
96666666.645849,33.769509,3.376950873502591e-08,2.970297029,0
60168224.272876,31.379523,3.137952321271039e-08,1.782178217,0
2478.838873,27.959123,2.7959122658117513e-08,6.9306e-05,1
66439628.45773,31.771763,3.177176344623955e-08,1.980198019,0
66439628.45773,31.771763,3.177176344623955e-08,1.980198019,0
7036065.53917,28.329307,2.8329307235215518e-08,0.198019801,0
34281150.129545,29.834925,2.98349250260212e-08,0.990099009,0
66439628.45773,31.771763,3.177176344623955e-08,1.980198019,0
50613207.51952,30.795731,3.079573087755936e-08,1.485148514,0
50613207.51952,30.795731,3.079573087755936e-08,1.485148514,1
40876190.447028,30.21742,3.021742016057939e-08,1.188118811,1
50613207.51952,30.795731,3.079573087755936e-08,1.485148514,0
67062499.999999,31.811121,3.1811121466293816e-08,2.0,1
66439628.45773,31.771763,3.177176344623955e-08,1.980198019,0
89824108.962804,33.301097,3.33010966608022e-08,2.740835382,1
67062499.999999,31.811121,3.1811121466293816e-08,2.0,0
67062499.999999,31.811121,3.1811121466293816e-08,2.0,0
1061325.409773,28.014385,2.8014385227288803e-08,0.02970297,1
96666666.645849,33.769509,3.376950873502591e-08,2.970297029,0
97545454.545454,33.830382,3.3830382106244145e-08,3.0,0
1414634.132213,28.032861,2.8032861325680223e-08,0.03960396,1
96666666.645849,33.769509,3.376950873502591e-08,2.970297029,0
125131195.318419,35.828161,3.582816089238039e-08,3.960396039,0
34612903.225806,29.853992,2.985399192295741e-08,1.0,0
177355371.89071,40.128186,4.012818581279357e-08,5.940594059,0
40876190.447028,30.21742,3.021742016057939e-08,1.188118811,0
354008.574488,27.977451,2.7977451302566102e-08,0.00990099,1
66439628.45773,31.771763,3.177176344623955e-08,1.980198019,0
53818181.791024,30.989719,3.0989719253923995e-08,1.584158415,0
34281150.129545,29.834925,2.98349250260212e-08,0.990099009,0
81783536.562398,32.763023,3.276302273206171e-08,2.475247524,0
34281150.129545,29.834925,2.98349250260212e-08,0.990099009,0
81783536.562398,32.763023,3.276302273206171e-08,2.475247524,0
3529605.227977,28.143846,2.814384582045034e-08,0.0990099,1
67062499.999999,31.811121,3.1811121466293816e-08,2.0,0
31252432.747572,29.661696,2.9661696495734377e-08,0.900000165,1
125131195.318419,35.828161,3.582816089238039e-08,3.960396039,0
1061325.409773,28.014385,2.8014385227288803e-08,0.02970297,1
66439628.45773,31.771763,3.177176344623955e-08,1.980198019,0
17418831.135929,28.889346,2.8889345891625006e-08,0.495049504,1
34281150.129545,29.834925,2.98349250260212e-08,0.990099009,0
50613207.51952,30.795731,3.079573087755936e-08,1.485148514,0
3541.210212,27.959178,2.7959178022671674e-08,9.9009e-05,1
34281150.129545,29.834925,2.98349250260212e-08,0.990099009,0
34281150.129545,29.834925,2.98349250260212e-08,0.990099009,0
66439628.45773,31.771763,3.177176344623955e-08,1.980198019,0
66439628.45773,31.771763,3.177176344623955e-08,1.980198019,0
111109467.436838,34.791221,3.479122145513215e-08,3.465346534,0
4934953.9942,28.217957,2.821795729923768e-08,0.138613861,0
153285714.285714,38.055297,3.805529667598631e-08,5.0,0
67062499.999999,31.811121,3.1811121466293816e-08,2.0,0
34281150.129545,29.834925,2.98349250260212e-08,0.990099009,0
224125326.366102,44.671838,4.467183820747892e-08,7.920792079,1
97545454.545454,33.830382,3.3830382106244145e-08,3.0,0
66439628.45773,31.771763,3.177176344623955e-08,1.980198019,0
70196261.682243,32.010252,3.201025163094129e-08,2.1,0
67062500.0,31.811121,3.181112146629388e-08,2.0,0
66439628.45773,31.771763,3.177176344623955e-08,1.980198019,0
66439628.45773,31.771763,3.177176344623955e-08,1.980198019,0
93725903.59322,33.566993,3.3566993397061735e-08,2.871287128,0
43490816.950599,30.3711,3.037110037171919e-08,1.267326732,0
112104475.239073,34.863311,3.4863311415264284e-08,3.499999917,0
34281150.129545,29.834925,2.98349250260212e-08,0.990099009,0
34281150.129545,29.834925,2.98349250260212e-08,0.990099009,0
97545454.545454,33.830382,3.3830382106244145e-08,3.0,0
112104475.239073,34.863311,3.4863311415264284e-08,3.499999917,0
63313664.57056,31.575339,3.1575338795132114e-08,1.881188118,1
34281150.129545,29.834925,2.98349250260212e-08,0.990099009,1
29580763.165308,29.56673,2.9566730188517306e-08,0.850495049,0
66439628.45773,31.771763,3.177176344623955e-08,1.980198019,0
112104475.239073,34.863311,3.4863311415264284e-08,3.499999917,0
66439628.45773,31.771763,3.177176344623955e-08,1.980198019,0
103363853.237102,34.237605,3.423760542738696e-08,3.198019801,0
97545454.545454,33.830382,3.3830382106244145e-08,3.0,0
44467889.876369,30.428831,3.0428830946501065e-08,1.297029702,0
34281150.129545,29.834925,2.98349250260212e-08,0.990099009,0
30280572.183783,29.60643,2.9606430240447347e-08,0.8712,0
30951923.046196,29.644591,2.9644591061770616e-08,0.891089108,1
28273136.242758,29.492762,2.949276242135533e-08,0.811881188,1
10519607.80911,28.515378,2.851537771866636e-08,0.297029702,0
177355371.89071,40.128186,4.012818581279357e-08,5.940594059,0
3529605.227977,28.143846,2.814384582045034e-08,0.0990099,0
66439628.45773,31.771763,3.177176344623955e-08,1.980198019,0
67062499.999999,31.811121,3.1811121466293816e-08,2.0,0
67062499.999999,31.811121,3.1811121466293816e-08,2.0,0
34281150.129545,29.834925,2.98349250260212e-08,0.990099009,0
96666666.645849,33.769509,3.376950873502591e-08,2.970297029,0
66439628.45773,31.771763,3.177176344623955e-08,1.980198019,0
34281150.129545,29.834925,2.98349250260212e-08,0.990099009,0
66439628.45773,31.771763,3.177176344623955e-08,1.980198019,0
3529605.227977,28.143846,2.814384582045034e-08,0.0990099,0
2825543.092292,28.106827,2.8106826626113357e-08,0.07920792,0
177355371.89071,40.128186,4.012818581279357e-08,5.940594059,0
40876190.447028,30.21742,3.021742016057939e-08,1.188118811,0
60168224.272876,31.379523,3.137952321271039e-08,1.782178217,0
66439628.45773,31.771763,3.177176344623955e-08,1.980198019,0
34281150.129545,29.834925,2.98349250260212e-08,0.990099009,0
67062500.0,31.811121,3.181112146629388e-08,2.0,0
51095238.095238,30.82479,3.082479030754892e-08,1.5,1
47388012.590148,30.602352,3.0602351569880334e-08,1.386138613,0
66439628.45773,31.771763,3.177176344623955e-08,1.980198019,0
40876190.447028,30.21742,3.021742016057939e-08,1.188118811,0
96666666.645849,33.769509,3.376950873502591e-08,2.970297029,0
151983002.819554,37.94772,3.794771991830293e-08,4.950495049,0
34281150.129545,29.834925,2.98349250260212e-08,0.990099009,0
1785357.737104,28.052268,2.8052267785026368e-08,0.05,0
32373486.415464,29.725639,2.9725639254036852e-08,0.933288341,1
67062499.999999,31.811121,3.1811121466293816e-08,2.0,1
70196261.682243,32.010252,3.201025163094129e-08,2.1,0
51095238.095238,30.82479,3.082479030754892e-08,1.5,0
34281150.129545,29.834925,2.98349250260212e-08,0.990099009,0
50613207.51952,30.795731,3.079573087755936e-08,1.485148514,0
30951923.046196,29.644591,2.9644591061770616e-08,0.891089108,0
50613207.51952,30.795731,3.079573087755936e-08,1.485148514,0
125131195.318419,35.828161,3.582816089238039e-08,3.960396039,0
66439628.45773,31.771763,3.177176344623955e-08,1.980198019,0
34281150.129545,29.834925,2.98349250260212e-08,0.990099009,0
17418831.135929,28.889346,2.8889345891625006e-08,0.495049504,1
96666666.645849,33.769509,3.376950873502591e-08,2.970297029,0
125131195.318419,35.828161,3.582816089238039e-08,3.960396039,1
3177689.997932,28.125333,2.812533317793852e-08,0.08910891,1
30951923.046196,29.644591,2.9644591061770616e-08,0.891089108,0
67062499.999999,31.811121,3.1811121466293816e-08,2.0,0
7385447.391502,28.347887,2.834788687715889e-08,0.207920792,1
96666666.645849,33.769509,3.376950873502591e-08,2.970297029,0
40876190.447028,30.21742,3.021742016057939e-08,1.188118811,0
357547.484171,27.977636,2.7977635911773793e-08,0.01,1
44142405.034639,30.409581,3.040958133088704e-08,1.287128712,0
34281150.129545,29.834925,2.98349250260212e-08,0.990099009,1
85731907.556243,33.025604,3.302560438501909e-08,2.605125443,0
102495522.36807,34.176367,3.4176366617011415e-08,3.168316831,0
357547.484171,27.977636,2.7977635911773793e-08,0.01,1
97545454.545454,33.830382,3.3830382106244145e-08,3.0,0
357547.484171,27.977636,2.7977635911773793e-08,0.01,1
66439628.45773,31.771763,3.177176344623955e-08,1.980198019,0
102495522.36807,34.176367,3.4176366617011415e-08,3.168316831,1
30000000.041635,29.590504,2.959050383147841e-08,0.862895495,1
97545454.545454,33.830382,3.3830382106244145e-08,3.0,0
34281150.129545,29.834925,2.98349250260212e-08,0.990099009,0
66439628.45773,31.771763,3.177176344623955e-08,1.980198019,0
66439628.45773,31.771763,3.177176344623955e-08,1.980198019,0
66439628.45773,31.771763,3.177176344623955e-08,1.980198019,0
34281150.129545,29.834925,2.98349250260212e-08,0.990099009,0
70196261.682243,32.010252,3.201025163094129e-08,2.1,0
81783536.562398,32.763023,3.276302273206171e-08,2.475247524,0
66439628.45773,31.771763,3.177176344623955e-08,1.980198019,0
66439628.45773,31.771763,3.177176344623955e-08,1.980198019,0
66439628.45773,31.771763,3.177176344623955e-08,1.980198019,0
60168224.272876,31.379523,3.137952321271039e-08,1.782178217,0
34612903.225806,29.853992,2.985399192295741e-08,1.0,0
53818181.791024,30.989719,3.0989719253923995e-08,1.584158415,0
44142405.034639,30.409581,3.040958133088704e-08,1.287128712,0
15702439.008573,28.795625,2.8795625448574022e-08,0.445544554,0
81783536.562398,32.763023,3.276302273206171e-08,2.475247524,0
50613207.51952,30.795731,3.079573087755936e-08,1.485148514,0
17418831.135929,28.889346,2.8889345891625006e-08,0.495049504,1
17418831.135929,28.889346,2.8889345891625006e-08,0.495049504,0
3529605.227977,28.143846,2.814384582045034e-08,0.0990099,0
3529605.227977,28.143846,2.814384582045034e-08,0.0990099,0
24229032.226263,29.26575,2.9265750339326476e-08,0.693069306,1
96666666.645849,33.769509,3.376950873502591e-08,2.970297029,0
96666666.645849,33.769509,3.376950873502591e-08,2.970297029,0
102495522.36807,34.176367,3.4176366617011415e-08,3.168316831,0
44565495.207667,30.434607,3.0434607020813874e-08,1.3,1
177355371.89071,40.128186,4.012818581279357e-08,5.940594059,0
66439628.45773,31.771763,3.177176344623955e-08,1.980198019,0
66439628.45773,31.771763,3.177176344623955e-08,1.980198019,0
50613207.51952,30.795731,3.079573087755936e-08,1.485148514,1
60168224.272876,31.379523,3.137952321271039e-08,1.782178217,1
44142405.034639,30.409581,3.040958133088704e-08,1.287128712,0
3541.210212,27.959178,2.7959178022671674e-08,9.9009e-05,1
126235294.117647,35.911774,3.5911773842808325e-08,4.0,0
97545454.545454,33.830382,3.3830382106244145e-08,3.0,0
34281150.129545,29.834925,2.98349250260212e-08,0.990099009,0
84796352.561059,32.963102,3.296310179528323e-08,2.574257425,0
40548428.046502,30.198238,3.019823754252007e-08,1.178217821,0
96666666.645849,33.769509,3.376950873502591e-08,2.970297029,0
66439628.45773,31.771763,3.177176344623955e-08,1.980198019,0
28843530.195497,29.524993,2.952499339181612e-08,0.828712871,1
66439628.45773,31.771763,3.177176344623955e-08,1.980198019,0
42511885.882992,30.313425,3.031342461311793e-08,1.237623762,0
87790909.068816,33.16379,3.316378992719037e-08,2.673267326,0
37589171.944844,30.025868,3.002586805895743e-08,1.08910891,0
34281150.129545,29.834925,2.98349250260212e-08,0.990099009,0
97545454.545454,33.830382,3.3830382106244145e-08,3.0,0
51095238.095238,30.82479,3.082479030754892e-08,1.5,0
66439628.45773,31.771763,3.177176344623955e-08,1.980198019,0
34281150.129545,29.834925,2.98349250260212e-08,0.990099009,0
17418831.135929,28.889346,2.8889345891625006e-08,0.495049504,0
34281150.129545,29.834925,2.98349250260212e-08,0.990099009,0
34281150.129545,29.834925,2.98349250260212e-08,0.990099009,0
126235294.117647,35.911774,3.5911773842808325e-08,4.0,0
742714004.0,295.080599,2.950805989844898e-07,67.460989536,0
40876190.447028,30.21742,3.021742016057939e-08,1.188118811,1
37589171.944844,30.025868,3.002586805895743e-08,1.08910891,0
51929681.848387,30.875192,3.0875192446166954e-08,1.525742574,0
125131195.318419,35.828161,3.582816089238039e-08,3.960396039,0
99999999.983405,34.001282,3.400128230877259e-08,3.083247687,1
50613207.51952,30.795731,3.079573087755936e-08,1.485148514,0
57542586.750788,31.217459,3.121745883814845e-08,1.7,0
44142405.034639,30.409581,3.040958133088704e-08,1.287128712,1
66439628.45773,31.771763,3.177176344623955e-08,1.980198019,0
70196261.682243,32.010252,3.201025163094129e-08,2.1,0
79481481.481481,32.61137,3.26113699906803e-08,2.4,0
57542586.750788,31.217459,3.121745883814845e-08,1.7,0
96666666.645849,33.769509,3.376950873502591e-08,2.970297029,0
96666666.645849,33.769509,3.376950873502591e-08,2.970297029,0
67062499.999999,31.811121,3.1811121466293816e-08,2.0,0
13980455.992597,28.702057,2.870205727080283e-08,0.396039603,0
67062499.999999,31.811121,3.1811121466293816e-08,2.0,0
66439628.45773,31.771763,3.177176344623955e-08,1.980198019,0
177355371.89071,40.128186,4.012818581279357e-08,5.940594059,0
66439628.45773,31.771763,3.177176344623955e-08,1.980198019,0
125131195.318419,35.828161,3.582816089238039e-08,3.960396039,0
66439628.45773,31.771763,3.177176344623955e-08,1.980198019,0
2034630.738522,28.065328,2.80653279398724e-08,0.056994301,1
67062499.999999,31.811121,3.1811121466293816e-08,2.0,0
66439628.45773,31.771763,3.177176344623955e-08,1.980198019,1
15702439.008573,28.795625,2.8795625448574022e-08,0.445544554,1
96666666.645849,33.769509,3.376950873502591e-08,2.970297029,0
34281150.129545,29.834925,2.98349250260212e-08,0.990099009,0
34281150.129545,29.834925,2.98349250260212e-08,0.990099009,0
130626086.940405,36.2472,3.624720014807946e-08,4.158415841,0
60168224.272876,31.379523,3.137952321271039e-08,1.782178217,0
5285714.268532,28.2365,2.8236500395183797e-08,0.148514851,0
66439628.45773,31.771763,3.177176344623955e-08,1.980198019,0
53818181.791024,30.989719,3.0989719253923995e-08,1.584158415,0
81783536.562398,32.763023,3.276302273206171e-08,2.475247524,0
66439628.45773,31.771763,3.177176344623955e-08,1.980198019,0
67062499.999999,31.811121,3.1811121466293816e-08,2.0,1
34281150.129545,29.834925,2.98349250260212e-08,0.990099009,1
96666666.645849,33.769509,3.376950873502591e-08,2.970297029,0
34281150.129545,29.834925,2.98349250260212e-08,0.990099009,1
66439628.45773,31.771763,3.177176344623955e-08,1.980198019,0
67062499.999999,31.811121,3.1811121466293816e-08,2.0,0
44142405.034639,30.409581,3.040958133088704e-08,1.287128712,0
81783536.562398,32.763023,3.276302273206171e-08,2.475247524,0
40876190.447028,30.21742,3.021742016057939e-08,1.188118811,1
66439628.45773,31.771763,3.177176344623955e-08,1.980198019,0
66439628.45773,31.771763,3.177176344623955e-08,1.980198019,0
51095238.095238,30.82479,3.082479030754892e-08,1.5,0
31952929.868119,29.701627,2.9701627300178557e-08,0.920792079,0
67062499.999999,31.811121,3.1811121466293816e-08,2.0,0
39596738.803067,30.142642,3.0142642392981484e-08,1.14950495,0
49003149.594688,30.698965,3.06989650911107e-08,1.435643564,0
66439628.45773,31.771763,3.177176344623955e-08,1.980198019,0
33249906.466686,29.775773,2.9775772697257307e-08,0.959362447,1
66439628.45773,31.771763,3.177176344623955e-08,1.980198019,1
96666666.645849,33.769509,3.376950873502591e-08,2.970297029,0
60168224.272876,31.379523,3.137952321271039e-08,1.782178217,0
2478.838873,27.959123,2.7959122658117513e-08,6.9306e-05,1
66439628.45773,31.771763,3.177176344623955e-08,1.980198019,0
66439628.45773,31.771763,3.177176344623955e-08,1.980198019,0
7036065.53917,28.329307,2.8329307235215518e-08,0.198019801,0
34281150.129545,29.834925,2.98349250260212e-08,0.990099009,0
66439628.45773,31.771763,3.177176344623955e-08,1.980198019,0
50613207.51952,30.795731,3.079573087755936e-08,1.485148514,0
66439628.45773,31.771763,3.177176344623955e-08,1.980198019,0
39892278.340974,30.159891,3.0159890578461595e-08,1.158415841,0
125131195.318419,35.828161,3.582816089238039e-08,3.960396039,0
34612903.225806,29.853992,2.985399192295741e-08,1.0,1
177355371.89071,40.128186,4.012818581279357e-08,5.940594059,0
40876190.447028,30.21742,3.021742016057939e-08,1.188118811,0
354008.574488,27.977451,2.7977451302566102e-08,0.00990099,1
66439628.45773,31.771763,3.177176344623955e-08,1.980198019,0
53818181.791024,30.989719,3.0989719253923995e-08,1.584158415,0
34281150.129545,29.834925,2.98349250260212e-08,0.990099009,0
81783536.562398,32.763023,3.276302273206171e-08,2.475247524,0
34281150.129545,29.834925,2.98349250260212e-08,0.990099009,0
81783536.562398,32.763023,3.276302273206171e-08,2.475247524,0
3529605.227977,28.143846,2.814384582045034e-08,0.0990099,1
10519607.80911,28.515378,2.851537771866636e-08,0.297029702,0
97545454.545454,33.830382,3.3830382106244145e-08,3.0,0
48353087.785778,30.660025,3.0660025053961984e-08,1.4157,0
34281150.129545,29.834925,2.98349250260212e-08,0.990099009,0
66439628.45773,31.771763,3.177176344623955e-08,1.980198019,0
97545454.545454,33.830382,3.3830382106244145e-08,3.0,0
73556409.465725,32.225852,3.2225851560849494e-08,2.207920792,0
66439628.45773,31.771763,3.177176344623955e-08,1.980198019,0
66439628.45773,31.771763,3.177176344623955e-08,1.980198019,0
177355371.89071,40.128186,4.012818581279357e-08,5.940594059,0
96666666.645849,33.769509,3.376950873502591e-08,2.970297029,0
5407692.307691,28.242953,2.8242953101309473e-08,0.151959477,0
66439628.45773,31.771763,3.177176344623955e-08,1.980198019,0
67062499.999999,31.811121,3.1811121466293816e-08,2.0,0
34281150.129545,29.834925,2.98349250260212e-08,0.990099009,0
151983002.819554,37.94772,3.794771991830293e-08,4.950495049,0
66439628.45773,31.771763,3.177176344623955e-08,1.980198019,0
8780687.380987,28.422266,2.8422266344294862e-08,0.247524752,1
34281150.129545,29.834925,2.98349250260212e-08,0.990099009,0
125131195.318419,35.828161,3.582816089238039e-08,3.960396039,0
3529605.227977,28.143846,2.814384582045034e-08,0.0990099,1
41236488.812422,30.238528,3.023852807518787e-08,1.1990099,0
177355371.89071,40.128186,4.012818581279357e-08,5.940594059,0
1767710.031775,28.051344,2.8051343514758427e-08,0.04950495,1
34281150.129545,29.834925,2.98349250260212e-08,0.990099009,0
40876190.447028,30.21742,3.021742016057939e-08,1.188118811,0
63313664.57056,31.575339,3.1575338795132114e-08,1.881188118,1
67062499.999999,31.811121,3.1811121466293816e-08,2.0,0
63313664.57056,31.575339,3.1575338795132114e-08,1.881188118,0
46416482.457052,30.544457,3.054445654655484e-08,1.356435643,1
50613207.51952,30.795731,3.079573087755936e-08,1.485148514,0
81783536.562398,32.763023,3.276302273206171e-08,2.475247524,0
66439628.45773,31.771763,3.177176344623955e-08,1.980198019,0
66439628.45773,31.771763,3.177176344623955e-08,1.980198019,0
34281150.129545,29.834925,2.98349250260212e-08,0.990099009,0
81783536.562398,32.763023,3.276302273206171e-08,2.475247524,0
51095238.095238,30.82479,3.082479030754892e-08,1.5,1
96666666.645849,33.769509,3.376950873502591e-08,2.970297029,0
66439628.45773,31.771763,3.177176344623955e-08,1.980198019,0
5285714.268532,28.2365,2.8236500395183797e-08,0.148514851,0
44793168.878179,30.448087,3.0448086654746976e-08,1.306930693,0
34281150.129545,29.834925,2.98349250260212e-08,0.990099009,1
66439628.45773,31.771763,3.177176344623955e-08,1.980198019,0
50613207.51952,30.795731,3.079573087755936e-08,1.485148514,0
66439628.45773,31.771763,3.177176344623955e-08,1.980198019,0
34281150.129545,29.834925,2.98349250260212e-08,0.990099009,0
96666666.645849,33.769509,3.376950873502591e-08,2.970297029,0
84796352.561059,32.963102,3.296310179528323e-08,2.574257425,0
34281150.129545,29.834925,2.98349250260212e-08,0.990099009,0
1892479.21808,28.057879,2.805787908114115e-08,0.053005301,0
96666666.645849,33.769509,3.376950873502591e-08,2.970297029,0
354008.574488,27.977451,2.7977451302566102e-08,0.00990099,1
96666666.645849,33.769509,3.376950873502591e-08,2.970297029,1
70196261.682243,32.010252,3.201025163094129e-08,2.1,0
17418831.135929,28.889346,2.8889345891625006e-08,0.495049504,0
66439628.45773,31.771763,3.177176344623955e-08,1.980198019,0
66439628.45773,31.771763,3.177176344623955e-08,1.980198019,0
31926261.319534,29.700106,2.9700105622864227e-08,0.92,0
66439628.45773,31.771763,3.177176344623955e-08,1.980198019,0
13980455.992597,28.702057,2.870205727080283e-08,0.396039603,0
17418831.135929,28.889346,2.8889345891625006e-08,0.495049504,0
96666666.645849,33.769509,3.376950873502591e-08,2.970297029,1
112104475.239073,34.863311,3.4863311415264284e-08,3.499999917,1
151983002.819554,37.94772,3.794771991830293e-08,4.950495049,0
96666666.645849,33.769509,3.376950873502591e-08,2.970297029,0
81783536.562398,32.763023,3.276302273206171e-08,2.475247524,1
66439628.45773,31.771763,3.177176344623955e-08,1.980198019,0
34281150.129545,29.834925,2.98349250260212e-08,0.990099009,1
34281150.129545,29.834925,2.98349250260212e-08,0.990099009,1
96666666.645849,33.769509,3.376950873502591e-08,2.970297029,0
2120299.401197,28.069818,2.806981848214645e-08,0.059398812,1
34281150.129545,29.834925,2.98349250260212e-08,0.990099009,0
125131195.318419,35.828161,3.582816089238039e-08,3.960396039,0
125131195.318419,35.828161,3.582816089238039e-08,3.960396039,0
66439628.45773,31.771763,3.177176344623955e-08,1.980198019,0
97545454.545454,33.830382,3.3830382106244145e-08,3.0,0
34612903.225806,29.853992,2.985399192295741e-08,1.0,0
66439628.45773,31.771763,3.177176344623955e-08,1.980198019,0
46740530.281325,30.563749,3.0563748796976576e-08,1.366336633,0
225894736.842105,44.858652,4.485865175520346e-08,8.0,0
34612903.225806,29.853992,2.985399192295741e-08,1.0,0
97545454.545454,33.830382,3.3830382106244145e-08,3.0,0
66439628.45773,31.771763,3.177176344623955e-08,1.980198019,0
66439628.45773,31.771763,3.177176344623955e-08,1.980198019,0
47388012.590148,30.602352,3.0602351569880334e-08,1.386138613,0
8780687.380987,28.422266,2.8422266344294862e-08,0.247524752,1
81783536.562398,32.763023,3.276302273206171e-08,2.475247524,0
13980455.992597,28.702057,2.870205727080283e-08,0.396039603,0
66439628.45773,31.771763,3.177176344623955e-08,1.980198019,0
51200000.0,30.831111,3.0831111367031366e-08,1.503229595,0
66439628.45773,31.771763,3.177176344623955e-08,1.980198019,1
67062499.999999,31.811121,3.1811121466293816e-08,2.0,0
101044843.043806,34.074424,3.407442374678675e-08,3.118811881,0
125131195.318419,35.828161,3.582816089238039e-08,3.960396039,0
126235294.117648,35.911774,3.59117738428084e-08,4.0,1
73556409.465725,32.225852,3.2225851560849494e-08,2.207920792,0
28709375.894996,29.517408,2.951740805048207e-08,0.824752475,1
96666666.645849,33.769509,3.376950873502591e-08,2.970297029,0
247615384.615384,47.250699,4.725069897483683e-08,9.0,0
66439628.45773,31.771763,3.177176344623955e-08,1.980198019,0
34114851.497837,29.825374,2.982537419143351e-08,0.985138296,0
66439628.45773,31.771763,3.177176344623955e-08,1.980198019,0
97545454.545454,33.830382,3.3830382106244145e-08,3.0,0
66439628.45773,31.771763,3.177176344623955e-08,1.980198019,0
34281150.129545,29.834925,2.98349250260212e-08,0.990099009,0
66439628.45773,31.771763,3.177176344623955e-08,1.980198019,0
40876190.447028,30.21742,3.021742016057939e-08,1.188118811,0
66439628.45773,31.771763,3.177176344623955e-08,1.980198019,0
81783536.562398,32.763023,3.276302273206171e-08,2.475247524,0
99480794.588993,33.965024,3.3965024284282225e-08,3.065603453,0
67062499.999999,31.811121,3.1811121466293816e-08,2.0,0
25917874.381634,29.360232,2.9360232120135385e-08,0.742574257,1
96666666.645849,33.769509,3.376950873502591e-08,2.970297029,0
66439628.45773,31.771763,3.177176344623955e-08,1.980198019,0
93725903.59322,33.566993,3.3566993397061735e-08,2.871287128,0
60168224.272876,31.379523,3.137952321271039e-08,1.782178217,0
67062499.999999,31.811121,3.1811121466293816e-08,2.0,0
125131195.318419,35.828161,3.582816089238039e-08,3.960396039,0
66439628.45773,31.771763,3.177176344623955e-08,1.980198019,0
1061325.409773,28.014385,2.8014385227288803e-08,0.02970297,1
60168224.272876,31.379523,3.137952321271039e-08,1.782178217,0
34281150.129545,29.834925,2.98349250260212e-08,0.990099009,0
10519607.80911,28.515378,2.851537771866636e-08,0.297029702,1
125131195.318419,35.828161,3.582816089238039e-08,3.960396039,0
49003149.594688,30.698965,3.06989650911107e-08,1.435643564,0
3529605.227977,28.143846,2.814384582045034e-08,0.0990099,0
3529605.227977,28.143846,2.814384582045034e-08,0.0990099,1
96666666.645849,33.769509,3.376950873502591e-08,2.970297029,0
34281150.129545,29.834925,2.98349250260212e-08,0.990099009,0
66439628.45773,31.771763,3.177176344623955e-08,1.980198019,0
50613207.51952,30.795731,3.079573087755936e-08,1.485148514,0
66439628.45773,31.771763,3.177176344623955e-08,1.980198019,0
34281150.129545,29.834925,2.98349250260212e-08,0.990099009,0
34281150.129545,29.834925,2.98349250260212e-08,0.990099009,1
96666666.645849,33.769509,3.376950873502591e-08,2.970297029,0
10519607.80911,28.515378,2.851537771866636e-08,0.297029702,0
153285714.285714,38.055297,3.805529667598631e-08,5.0,1
40574328.875204,30.199753,3.0199752749300995e-08,1.179,0
33.638548,27.958995,2.7958995229263725e-08,9.4e-07,1
2825543.092292,28.106827,2.8106826626113357e-08,0.07920792,0
52553019.495958,30.912924,3.091292404473438e-08,1.545,0
82538461.538461,32.812985,3.281298539919226e-08,2.5,0
66439628.45773,31.771763,3.177176344623955e-08,1.980198019,0
34281150.129545,29.834925,2.98349250260212e-08,0.990099009,0
81783536.562398,32.763023,3.276302273206171e-08,2.475247524,0
63313664.57056,31.575339,3.1575338795132114e-08,1.881188118,0
96666666.645849,33.769509,3.376950873502591e-08,2.970297029,0
53818181.791024,30.989719,3.0989719253923995e-08,1.584158415,0
17418831.135929,28.889346,2.8889345891625006e-08,0.495049504,1
67062499.999999,31.811121,3.1811121466293816e-08,2.0,0
81783536.562398,32.763023,3.276302273206171e-08,2.475247524,0
66439628.45773,31.771763,3.177176344623955e-08,1.980198019,0
51095238.095238,30.82479,3.082479030754892e-08,1.5,0
37589171.944844,30.025868,3.002586805895743e-08,1.08910891,0
24585324.148712,29.285645,2.92856449906803e-08,0.7035,1
66439628.45773,31.771763,3.177176344623955e-08,1.980198019,1
34281150.129545,29.834925,2.98349250260212e-08,0.990099009,0
34281150.129545,29.834925,2.98349250260212e-08,0.990099009,0
97545454.545454,33.830382,3.3830382106244145e-08,3.0,0
177355371.89071,40.128186,4.012818581279357e-08,5.940594059,0
67062500.0,31.811121,3.181112146629388e-08,2.0,0
3529605.227977,28.143846,2.814384582045034e-08,0.0990099,0
70196261.682243,32.010252,3.201025163094129e-08,2.1,0
17590163.934426,28.898726,2.8898726312519402e-08,0.5,1
66439628.45773,31.771763,3.177176344623955e-08,1.980198019,0
66439628.45773,31.771763,3.177176344623955e-08,1.980198019,0
44142405.034639,30.409581,3.040958133088704e-08,1.287128712,0
66439628.45773,31.771763,3.177176344623955e-08,1.980198019,0
67062499.999999,31.811121,3.1811121466293816e-08,2.0,0
81783536.562398,32.763023,3.276302273206171e-08,2.475247524,0
34281150.129545,29.834925,2.98349250260212e-08,0.990099009,1
111109467.436838,34.791221,3.479122145513215e-08,3.465346534,0
97545454.545454,33.830382,3.3830382106244145e-08,3.0,0
17418831.135929,28.889346,2.8889345891625006e-08,0.495049504,0
66433395.87242,31.77137,3.1771369990680314e-08,1.98,0
34281150.129545,29.834925,2.98349250260212e-08,0.990099009,0
111109467.436838,34.791221,3.479122145513215e-08,3.465346534,0
40876190.447028,30.21742,3.021742016057939e-08,1.188118811,0
41531091.36794,30.255804,3.025580367069727e-08,1.207920792,0
7734600.25584,28.366473,2.836647260791279e-08,0.217821782,1
34281150.129545,29.834925,2.98349250260212e-08,0.990099009,0
67062499.999999,31.811121,3.1811121466293816e-08,2.0,0
66439628.45773,31.771763,3.177176344623955e-08,1.980198019,0
4629605.044805,28.20183,2.8201829760795238e-08,0.13,1
66439628.45773,31.771763,3.177176344623955e-08,1.980198019,0
8780687.380987,28.422266,2.8422266344294862e-08,0.247524752,1
34281150.129545,29.834925,2.98349250260212e-08,0.990099009,0
96666666.645849,33.769509,3.376950873502591e-08,2.970297029,0
67062500.0,31.811121,3.181112146629388e-08,2.0,0
34281150.129545,29.834925,2.98349250260212e-08,0.990099009,0
81783536.562398,32.763023,3.276302273206171e-08,2.475247524,0
17590167.065573,28.898726,2.8898726483990538e-08,0.50000009,1
60168224.272876,31.379523,3.137952321271039e-08,1.782178217,0
354008.574488,27.977451,2.7977451302566102e-08,0.00990099,0
96666666.645849,33.769509,3.376950873502591e-08,2.970297029,0
66439628.45773,31.771763,3.177176344623955e-08,1.980198019,1
34281150.129545,29.834925,2.98349250260212e-08,0.990099009,0
67899246.37739,31.864109,3.186410903043176e-08,2.02664,0
67062500.0,31.811121,3.181112146629388e-08,2.0,1
34281150.129545,29.834925,2.98349250260212e-08,0.990099009,0
17418831.135929,28.889346,2.8889345891625006e-08,0.495049504,1
99999999.983405,34.001282,3.400128230877259e-08,3.083247687,0
81783536.562398,32.763023,3.276302273206171e-08,2.475247524,0
66439628.45773,31.771763,3.177176344623955e-08,1.980198019,0
96666666.645849,33.769509,3.376950873502591e-08,2.970297029,0
2034630.738522,28.065328,2.80653279398724e-08,0.056994301,0
66439628.45773,31.771763,3.177176344623955e-08,1.980198019,0
35.408998,27.958995,2.795899532152841e-08,9.9e-07,1
50613207.51952,30.795731,3.079573087755936e-08,1.485148514,0
66439628.45773,31.771763,3.177176344623955e-08,1.980198019,1
111109467.436838,34.791221,3.479122145513215e-08,3.465346534,0
34281150.129545,29.834925,2.98349250260212e-08,0.990099009,0
151983002.819554,37.94772,3.794771991830293e-08,4.950495049,0
67062500.0,31.811121,3.181112146629388e-08,2.0,0
17590163.934426,28.898726,2.8898726312519402e-08,0.5,1
66439628.45773,31.771763,3.177176344623955e-08,1.980198019,0
66439628.45773,31.771763,3.177176344623955e-08,1.980198019,0
1414634.132213,28.032861,2.8032861325680223e-08,0.03960396,1
67062499.999999,31.811121,3.1811121466293816e-08,2.0,0
97545454.545454,33.830382,3.3830382106244145e-08,3.0,0
66433395.87242,31.77137,3.1771369990680314e-08,1.98,0
84796352.561059,32.963102,3.296310179528323e-08,2.574257425,0
66439628.45773,31.771763,3.177176344623955e-08,1.980198019,0
96666666.645849,33.769509,3.376950873502591e-08,2.970297029,0
34281150.129545,29.834925,2.98349250260212e-08,0.990099009,1
82538461.538461,32.812985,3.281298539919226e-08,2.5,0
3529605.227977,28.143846,2.814384582045034e-08,0.0990099,0
29614249.019815,29.568628,2.9568628016069097e-08,0.851485148,0
78752293.554569,32.563553,3.2563552737525916e-08,2.376237623,0
96666666.645849,33.769509,3.376950873502591e-08,2.970297029,0
66439628.45773,31.771763,3.177176344623955e-08,1.980198019,0
66439628.45773,31.771763,3.177176344623955e-08,1.980198019,0
125131195.318419,35.828161,3.582816089238039e-08,3.960396039,0
151983002.819554,37.94772,3.794771991830293e-08,4.950495049,1
66439628.45773,31.771763,3.177176344623955e-08,1.980198019,0
50613207.51952,30.795731,3.079573087755936e-08,1.485148514,0
47388012.590148,30.602352,3.0602351569880334e-08,1.386138613,1
25917874.381634,29.360232,2.9360232120135385e-08,0.742574257,1
66439628.45773,31.771763,3.177176344623955e-08,1.980198019,0
96666666.645849,33.769509,3.376950873502591e-08,2.970297029,0
34281150.129545,29.834925,2.98349250260212e-08,0.990099009,0
38248249.519633,30.06413,3.006412975533328e-08,1.108910891,0
177355371.89071,40.128186,4.012818581279357e-08,5.940594059,0
30280572.183783,29.60643,2.9606430240447347e-08,0.8712,0
3529605.227977,28.143846,2.814384582045034e-08,0.0990099,0
34281150.129545,29.834925,2.98349250260212e-08,0.990099009,0
100000000.0,34.001282,3.4001282309932404e-08,3.083247688,1
66439628.45773,31.771763,3.177176344623955e-08,1.980198019,0
126235294.117647,35.911774,3.5911773842808325e-08,4.0,0
97545454.545454,33.830382,3.3830382106244145e-08,3.0,0
8954835.524007,28.431571,2.8431570629709424e-08,0.252475247,1
66439628.45773,31.771763,3.177176344623955e-08,1.980198019,0
2473164.282207,28.088326,2.8088326164975017e-08,0.06930693,0
67062499.999999,31.811121,3.1811121466293816e-08,2.0,0
81783536.562398,32.763023,3.276302273206171e-08,2.475247524,0
50613207.51952,30.795731,3.079573087755936e-08,1.485148514,1
96666666.645849,33.769509,3.376950873502591e-08,2.970297029,0
30280572.183783,29.60643,2.9606430240447347e-08,0.8712,0
67062511.9375,31.811122,3.181112222130156e-08,2.00000038,0
66439628.45773,31.771763,3.177176344623955e-08,1.980198019,0
27601286.142372,29.454866,2.945486616620569e-08,0.792079207,0
2120553.33852,28.069832,2.8069831794523365e-08,0.05940594,0
50613207.51952,30.795731,3.079573087755936e-08,1.485148514,0
66439628.45773,31.771763,3.177176344623955e-08,1.980198019,0
151983002.819554,37.94772,3.794771991830293e-08,4.950495049,0
66439628.45773,31.771763,3.177176344623955e-08,1.980198019,0
10519607.80911,28.515378,2.851537771866636e-08,0.297029702,1
34281150.129545,29.834925,2.98349250260212e-08,0.990099009,0
67062499.999999,31.811121,3.1811121466293816e-08,2.0,0
51095238.095238,30.82479,3.082479030754892e-08,1.5,0
30280572.183783,29.60643,2.9606430240447347e-08,0.8712,0
96666666.645849,33.769509,3.376950873502591e-08,2.970297029,0
52553019.495958,30.912924,3.091292404473438e-08,1.545,0
40876190.447028,30.21742,3.021742016057939e-08,1.188118811,0
96666666.645849,33.769509,3.376950873502591e-08,2.970297029,0
67062499.999999,31.811121,3.1811121466293816e-08,2.0,0
26170731.707317,29.374418,2.9374417520969238e-08,0.75,0
151983002.819554,37.94772,3.794771991830293e-08,4.950495049,0
35411.372207,27.960839,2.7960838984787036e-08,0.000990099,1
96666666.645849,33.769509,3.376950873502591e-08,2.970297029,0
15857142.857142,28.804054,2.8804054054054005e-08,0.45,0
66439628.45773,31.771763,3.177176344623955e-08,1.980198019,1
96666666.645849,33.769509,3.376950873502591e-08,2.970297029,0
50613207.51952,30.795731,3.079573087755936e-08,1.485148514,1
30951923.046196,29.644591,2.9644591061770616e-08,0.891089108,0
67062499.999999,31.811121,3.1811121466293816e-08,2.0,0
66439628.45773,31.771763,3.177176344623955e-08,1.980198019,0
34281150.129545,29.834925,2.98349250260212e-08,0.990099009,0
66439628.45773,31.771763,3.177176344623955e-08,1.980198019,0
29714693.688867,29.574322,2.9574321864165526e-08,0.854455445,0
66439628.45773,31.771763,3.177176344623955e-08,1.980198019,0
66439628.45773,31.771763,3.177176344623955e-08,1.980198019,0
66439628.45773,31.771763,3.177176344623955e-08,1.980198019,0
49003149.594688,30.698965,3.06989650911107e-08,1.435643564,0
151983002.819554,37.94772,3.794771991830293e-08,4.950495049,0
66439628.45773,31.771763,3.177176344623955e-08,1.980198019,0
28407031.756317,29.500324,2.9500323647168777e-08,0.815830643,1
17418831.135929,28.889346,2.8889345891625006e-08,0.495049504,1
50613207.51952,30.795731,3.079573087755936e-08,1.485148514,0
73556409.465725,32.225852,3.2225851560849494e-08,2.207920792,0
66439628.45773,31.771763,3.177176344623955e-08,1.980198019,0
3529605.227977,28.143846,2.814384582045034e-08,0.0990099,0
34281150.129545,29.834925,2.98349250260212e-08,0.990099009,0
34281150.129545,29.834925,2.98349250260212e-08,0.990099009,1
138749999.984966,36.880327,3.6880327046770716e-08,4.455445544,1
24229032.226263,29.26575,2.9265750339326476e-08,0.693069306,0
66439628.45773,31.771763,3.177176344623955e-08,1.980198019,0
60168224.272876,31.379523,3.137952321271039e-08,1.782178217,0
50613207.51952,30.795731,3.079573087755936e-08,1.485148514,0
66439628.45773,31.771763,3.177176344623955e-08,1.980198019,1
96666666.645849,33.769509,3.376950873502591e-08,2.970297029,0
81783536.562398,32.763023,3.276302273206171e-08,2.475247524,0
34281150.129545,29.834925,2.98349250260212e-08,0.990099009,0
45118242.169625,30.467348,3.0467348451735055e-08,1.316831683,0
41858230.251011,30.275005,3.027500456081742e-08,1.217821782,0
66439628.45773,31.771763,3.177176344623955e-08,1.980198019,0
66439628.45773,31.771763,3.177176344623955e-08,1.980198019,0
66439628.45773,31.771763,3.177176344623955e-08,1.980198019,0
35411.372207,27.960839,2.7960838984787036e-08,0.000990099,1
112104475.239073,34.863311,3.4863311415264284e-08,3.499999917,0
51095238.095238,30.82479,3.082479030754892e-08,1.5,0
66439628.45773,31.771763,3.177176344623955e-08,1.980198019,0
48809601.804836,30.687363,3.068736342909056e-08,1.42970297,0
10519607.80911,28.515378,2.851537771866636e-08,0.297029702,0
66439628.45773,31.771763,3.177176344623955e-08,1.980198019,0
50000000.00572,30.758823,3.075882273721987e-08,1.46627566,0
66439628.45773,31.771763,3.177176344623955e-08,1.980198019,0
66439628.45773,31.771763,3.177176344623955e-08,1.980198019,1
34281150.129545,29.834925,2.98349250260212e-08,0.990099009,0
13980455.992597,28.702057,2.870205727080283e-08,0.396039603,0
7755557.393317,28.367589,2.8367588757202417e-08,0.218416274,1
97545454.545454,33.830382,3.3830382106244145e-08,3.0,0
66439628.45773,31.771763,3.177176344623955e-08,1.980198019,0
34281150.129545,29.834925,2.98349250260212e-08,0.990099009,1
96666666.645849,33.769509,3.376950873502591e-08,2.970297029,0
34281150.129545,29.834925,2.98349250260212e-08,0.990099009,0
67062499.999999,31.811121,3.1811121466293816e-08,2.0,0
66439628.45773,31.771763,3.177176344623955e-08,1.980198019,0
8691849.892544,28.417522,2.8417521745883803e-08,0.245,0
81783536.562398,32.763023,3.276302273206171e-08,2.475247524,0
40876190.447028,30.21742,3.021742016057939e-08,1.188118811,1
81783536.562398,32.763023,3.276302273206171e-08,2.475247524,0
3529605.227977,28.143846,2.814384582045034e-08,0.0990099,1
96666666.645849,33.769509,3.376950873502591e-08,2.970297029,0
66439628.45773,31.771763,3.177176344623955e-08,1.980198019,0
96666666.645849,33.769509,3.376950873502591e-08,2.970297029,0
34281150.129545,29.834925,2.98349250260212e-08,0.990099009,0
34277831.558568,29.834734,2.9834734389562016e-08,0.99,0
66439628.45773,31.771763,3.177176344623955e-08,1.980198019,0
10172278.491817,28.496743,2.849674326241855e-08,0.287128712,1
66439628.45773,31.771763,3.177176344623955e-08,1.980198019,0
125131195.318419,35.828161,3.582816089238039e-08,3.960396039,0
62241573.088107,31.508392,3.150839164339325e-08,1.847372372,0
24229032.226263,29.26575,2.9265750339326476e-08,0.693069306,1
97545454.545454,33.830382,3.3830382106244145e-08,3.0,0
47388012.590148,30.602352,3.0602351569880334e-08,1.386138613,1
67062500.0,31.811121,3.181112146629388e-08,2.0,0
50000000.0,30.758823,3.07588227368759e-08,1.46627566,0
50613207.51952,30.795731,3.079573087755936e-08,1.485148514,1
66439628.45773,31.771763,3.177176344623955e-08,1.980198019,0
30280572.183783,29.60643,2.9606430240447347e-08,0.8712,0
66439628.45773,31.771763,3.177176344623955e-08,1.980198019,0
60735849.056603,31.414725,3.141472506989743e-08,1.8,0
97545454.545454,33.830382,3.3830382106244145e-08,3.0,1
8954835.524007,28.431571,2.8431570629709424e-08,0.252475247,1
66439628.45773,31.771763,3.177176344623955e-08,1.980198019,0
2473164.282207,28.088326,2.8088326164975017e-08,0.06930693,1
67062499.999999,31.811121,3.1811121466293816e-08,2.0,0
81783536.562398,32.763023,3.276302273206171e-08,2.475247524,1
50613207.51952,30.795731,3.079573087755936e-08,1.485148514,1
96666666.645849,33.769509,3.376950873502591e-08,2.970297029,0
30280572.183783,29.60643,2.9606430240447347e-08,0.8712,0
67062511.9375,31.811122,3.181112222130156e-08,2.00000038,0
66439628.45773,31.771763,3.177176344623955e-08,1.980198019,0
27601286.142372,29.454866,2.945486616620569e-08,0.792079207,0
2120553.33852,28.069832,2.8069831794523365e-08,0.05940594,0
50613207.51952,30.795731,3.079573087755936e-08,1.485148514,0
66439628.45773,31.771763,3.177176344623955e-08,1.980198019,0
151983002.819554,37.94772,3.794771991830293e-08,4.950495049,0
66439628.45773,31.771763,3.177176344623955e-08,1.980198019,0
10519607.80911,28.515378,2.851537771866636e-08,0.297029702,1
34281150.129545,29.834925,2.98349250260212e-08,0.990099009,0
67062499.999999,31.811121,3.1811121466293816e-08,2.0,0
51095238.095238,30.82479,3.082479030754892e-08,1.5,0
30280572.183783,29.60643,2.9606430240447347e-08,0.8712,0
96666666.645849,33.769509,3.376950873502591e-08,2.970297029,0
52553019.495958,30.912924,3.091292404473438e-08,1.545,0
40876190.447028,30.21742,3.021742016057939e-08,1.188118811,1
96666666.645849,33.769509,3.376950873502591e-08,2.970297029,0
67062499.999999,31.811121,3.1811121466293816e-08,2.0,0
26170731.707317,29.374418,2.9374417520969238e-08,0.75,0
151983002.819554,37.94772,3.794771991830293e-08,4.950495049,0
35411.372207,27.960839,2.7960838984787036e-08,0.000990099,1
96666666.645849,33.769509,3.376950873502591e-08,2.970297029,0
15857142.857142,28.804054,2.8804054054054005e-08,0.45,0
66439628.45773,31.771763,3.177176344623955e-08,1.980198019,1
24229032.226263,29.26575,2.9265750339326476e-08,0.693069306,1
50000000.0,30.758823,3.07588227368759e-08,1.46627566,0
81783536.562398,32.763023,3.276302273206171e-08,2.475247524,1
7036065.53917,28.329307,2.8329307235215518e-08,0.198019801,1
34612903.225806,29.853992,2.985399192295741e-08,1.0,0
96666666.645849,33.769509,3.376950873502591e-08,2.970297029,0
81783536.562398,32.763023,3.276302273206171e-08,2.475247524,1
64879069.757751,31.673475,3.167347498809207e-08,1.930693069,1
112104475.239073,34.863311,3.4863311415264284e-08,3.499999917,0
112104475.239073,34.863311,3.4863311415264284e-08,3.499999917,0
35951030.927835,29.931084,2.993108418763591e-08,1.04,0
66439628.45773,31.771763,3.177176344623955e-08,1.980198019,0
70196261.682243,32.010252,3.201025163094129e-08,2.1,0
66439628.45773,31.771763,3.177176344623955e-08,1.980198019,0
34281150.129545,29.834925,2.98349250260212e-08,0.990099009,1
112104475.239073,34.863311,3.4863311415264284e-08,3.499999917,0
70820.407185,27.962685,2.7962684554246128e-08,0.001980198,0
81783536.562398,32.763023,3.276302273206171e-08,2.475247524,0
50613207.51952,30.795731,3.079573087755936e-08,1.485148514,0
47388012.590148,30.602352,3.0602351569880334e-08,1.386138613,0
96666666.645849,33.769509,3.376950873502591e-08,2.970297029,0
63313664.57056,31.575339,3.1575338795132114e-08,1.881188118,0
50613207.51952,30.795731,3.079573087755936e-08,1.485148514,0
66439628.45773,31.771763,3.177176344623955e-08,1.980198019,0
96666666.645849,33.769509,3.376950873502591e-08,2.970297029,0
66439628.45773,31.771763,3.177176344623955e-08,1.980198019,0
66439628.45773,31.771763,3.177176344623955e-08,1.980198019,0
45767772.499839,30.50589,3.0505890317771464e-08,1.336633663,0
96666666.645849,33.769509,3.376950873502591e-08,2.970297029,1
27601286.142372,29.454866,2.945486616620569e-08,0.792079207,0
112104475.239073,34.863311,3.4863311415264284e-08,3.499999917,0
67062499.999999,31.811121,3.1811121466293816e-08,2.0,1
3529605.227977,28.143846,2.814384582045034e-08,0.0990099,1
51093186.473979,30.824667,3.082466653749322e-08,1.499936759,0
67062499.999999,31.811121,3.1811121466293816e-08,2.0,0
34281150.129545,29.834925,2.98349250260212e-08,0.990099009,0
63313664.57056,31.575339,3.1575338795132114e-08,1.881188118,0
51095238.095238,30.82479,3.082479030754892e-08,1.5,0
152243840.255971,37.969223,3.796922308803127e-08,4.960396039,0
96666666.645849,33.769509,3.376950873502591e-08,2.970297029,0
70820.407185,27.962685,2.7962684554246128e-08,0.001980198,1
7082.432818,27.959363,2.795936257158159e-08,0.000198019,1
60168224.272876,31.379523,3.137952321271039e-08,1.782178217,0
66439628.45773,31.771763,3.177176344623955e-08,1.980198019,0
112104475.239073,34.863311,3.4863311415264284e-08,3.499999917,0
97545454.545454,33.830382,3.3830382106244145e-08,3.0,0
100000000.0,34.001282,3.4001282309932404e-08,3.083247688,0
66439628.45773,31.771763,3.177176344623955e-08,1.980198019,0
96666666.645849,33.769509,3.376950873502591e-08,2.970297029,0
96666666.645849,33.769509,3.376950873502591e-08,2.970297029,0
35951030.927835,29.931084,2.993108418763591e-08,1.04,0
34281150.129545,29.834925,2.98349250260212e-08,0.990099009,0
24229032.226263,29.26575,2.9265750339326476e-08,0.693069306,0
96666666.645849,33.769509,3.376950873502591e-08,2.970297029,0
24229032.226263,29.26575,2.9265750339326476e-08,0.693069306,1
66439628.45773,31.771763,3.177176344623955e-08,1.980198019,0
66439628.45773,31.771763,3.177176344623955e-08,1.980198019,0
66439628.45773,31.771763,3.177176344623955e-08,1.980198019,0
66439628.45773,31.771763,3.177176344623955e-08,1.980198019,0
17418831.135929,28.889346,2.8889345891625006e-08,0.495049504,0
66439628.45773,31.771763,3.177176344623955e-08,1.980198019,0
34281150.129545,29.834925,2.98349250260212e-08,0.990099009,1
18281782.437745,28.936639,2.8936638707673148e-08,0.52,0
44142405.034639,30.409581,3.040958133088704e-08,1.287128712,0
67062500.0,31.811121,3.181112146629388e-08,2.0,1
70196261.682243,32.010252,3.201025163094129e-08,2.1,0
96666666.645849,33.769509,3.376950873502591e-08,2.970297029,0
67062499.999999,31.811121,3.1811121466293816e-08,2.0,0
66439628.45773,31.771763,3.177176344623955e-08,1.980198019,0
66439628.45773,31.771763,3.177176344623955e-08,1.980198019,0
60168224.272876,31.379523,3.137952321271039e-08,1.782178217,0
67062500.0,31.811121,3.181112146629388e-08,2.0,0
27601286.142372,29.454866,2.945486616620569e-08,0.792079207,0
84796352.561059,32.963102,3.296310179528323e-08,2.574257425,0
66439628.45773,31.771763,3.177176344623955e-08,1.980198019,0
34281150.129545,29.834925,2.98349250260212e-08,0.990099009,0
17418831.135929,28.889346,2.8889345891625006e-08,0.495049504,0
66439628.45773,31.771763,3.177176344623955e-08,1.980198019,0
17418831.135929,28.889346,2.8889345891625006e-08,0.495049504,1
66439628.45773,31.771763,3.177176344623955e-08,1.980198019,0
50613207.51952,30.795731,3.079573087755936e-08,1.485148514,0
96666666.645849,33.769509,3.376950873502591e-08,2.970297029,0
50613207.51952,30.795731,3.079573087755936e-08,1.485148514,0
107203420.342034,34.510373,3.4510372786579665e-08,3.33,0
66439628.45773,31.771763,3.177176344623955e-08,1.980198019,1
10519607.80911,28.515378,2.851537771866636e-08,0.297029702,1
34281150.129545,29.834925,2.98349250260212e-08,0.990099009,0
67062499.999999,31.811121,3.1811121466293816e-08,2.0,0
51095238.095238,30.82479,3.082479030754892e-08,1.5,0
30280572.183783,29.60643,2.9606430240447347e-08,0.8712,0
96666666.645849,33.769509,3.376950873502591e-08,2.970297029,0
52553019.495958,30.912924,3.091292404473438e-08,1.545,0
40876190.447028,30.21742,3.021742016057939e-08,1.188118811,1
96666666.645849,33.769509,3.376950873502591e-08,2.970297029,0
67062499.999999,31.811121,3.1811121466293816e-08,2.0,1
26170731.707317,29.374418,2.9374417520969238e-08,0.75,0
151983002.819554,37.94772,3.794771991830293e-08,4.950495049,0
35411.372207,27.960839,2.7960838984787036e-08,0.000990099,1
96666666.645849,33.769509,3.376950873502591e-08,2.970297029,0
15857142.857142,28.804054,2.8804054054054005e-08,0.45,0
34281150.129545,29.834925,2.98349250260212e-08,0.990099009,1
30280572.183783,29.60643,2.9606430240447347e-08,0.8712,0
66439628.45773,31.771763,3.177176344623955e-08,1.980198019,0
199024193.540869,42.14268,4.2142680490460835e-08,6.831683168,0
2473164.282207,28.088326,2.8088326164975017e-08,0.06930693,1
354008.574488,27.977451,2.7977451302566102e-08,0.00990099,1
34281150.129545,29.834925,2.98349250260212e-08,0.990099009,1
66439628.45773,31.771763,3.177176344623955e-08,1.980198019,0
96079927.869644,33.728957,3.3728956942347695e-08,2.950495049,0
742016497.0,293.838217,2.938382173521333e-07,67.255602494,0
30280572.183783,29.60643,2.9606430240447347e-08,0.8712,0
34612903.225806,29.853992,2.985399192295741e-08,1.0,0
55938388.625592,31.119059,3.111905871388628e-08,1.65,0
17418831.135929,28.889346,2.8889345891625006e-08,0.495049504,0
81783536.562398,32.763023,3.276302273206171e-08,2.475247524,1
96666666.645849,33.769509,3.376950873502591e-08,2.970297029,0
24229032.226263,29.26575,2.9265750339326476e-08,0.693069306,1
34281150.129545,29.834925,2.98349250260212e-08,0.990099009,0
28280620.155038,29.493185,2.949318496934609e-08,0.812101911,1
50613207.51952,30.795731,3.079573087755936e-08,1.485148514,0
66439628.45773,31.771763,3.177176344623955e-08,1.980198019,0
34281150.129545,29.834925,2.98349250260212e-08,0.990099009,0
81783536.562398,32.763023,3.276302273206171e-08,2.475247524,0
66439628.45773,31.771763,3.177176344623955e-08,1.980198019,0
6929458.519622,28.323642,2.8323641658900253e-08,0.195,0
81783536.562398,32.763023,3.276302273206171e-08,2.475247524,0
66439628.45773,31.771763,3.177176344623955e-08,1.980198019,0
34281150.129545,29.834925,2.98349250260212e-08,0.990099009,0
125131195.318419,35.828161,3.582816089238039e-08,3.960396039,0
112104475.239073,34.863311,3.4863311415264284e-08,3.499999917,0
96666666.645849,33.769509,3.376950873502591e-08,2.970297029,0
66439628.45773,31.771763,3.177176344623955e-08,1.980198019,0
66439628.45773,31.771763,3.177176344623955e-08,1.980198019,0
97545454.545454,33.830382,3.3830382106244145e-08,3.0,0
125131195.318419,35.828161,3.582816089238039e-08,3.960396039,0
96666666.645849,33.769509,3.376950873502591e-08,2.970297029,0
112104475.239073,34.863311,3.4863311415264284e-08,3.499999917,0
66439628.45773,31.771763,3.177176344623955e-08,1.980198019,0
66439628.45773,31.771763,3.177176344623955e-08,1.980198019,0
66439628.45773,31.771763,3.177176344623955e-08,1.980198019,0
60168224.272876,31.379523,3.137952321271039e-08,1.782178217,0
66439628.45773,31.771763,3.177176344623955e-08,1.980198019,0
97545454.545454,33.830382,3.3830382106244145e-08,3.0,0
112104475.239073,34.863311,3.4863311415264284e-08,3.499999917,0
66439628.45773,31.771763,3.177176344623955e-08,1.980198019,1
97545454.545454,33.830382,3.3830382106244145e-08,3.0,0
45767772.499839,30.50589,3.0505890317771464e-08,1.336633663,0
96666666.645849,33.769509,3.376950873502591e-08,2.970297029,0
27601286.142372,29.454866,2.945486616620569e-08,0.792079207,0
112104475.239073,34.863311,3.4863311415264284e-08,3.499999917,0
67062499.999999,31.811121,3.1811121466293816e-08,2.0,0
3529605.227977,28.143846,2.814384582045034e-08,0.0990099,1
51093186.473979,30.824667,3.082466653749322e-08,1.499936759,0
67062499.999999,31.811121,3.1811121466293816e-08,2.0,0
34281150.129545,29.834925,2.98349250260212e-08,0.990099009,0
63313664.57056,31.575339,3.1575338795132114e-08,1.881188118,0
51095238.095238,30.82479,3.082479030754892e-08,1.5,0
152243840.255971,37.969223,3.796922308803127e-08,4.960396039,0
96666666.645849,33.769509,3.376950873502591e-08,2.970297029,0
70820.407185,27.962685,2.7962684554246128e-08,0.001980198,1
7082.432818,27.959363,2.795936257158159e-08,0.000198019,1
60168224.272876,31.379523,3.137952321271039e-08,1.782178217,0
66439628.45773,31.771763,3.177176344623955e-08,1.980198019,0
112104475.239073,34.863311,3.4863311415264284e-08,3.499999917,0
97545454.545454,33.830382,3.3830382106244145e-08,3.0,0
100000000.0,34.001282,3.4001282309932404e-08,3.083247688,0
66439628.45773,31.771763,3.177176344623955e-08,1.980198019,0
96666666.645849,33.769509,3.376950873502591e-08,2.970297029,0
96666666.645849,33.769509,3.376950873502591e-08,2.970297029,0
35951030.927835,29.931084,2.993108418763591e-08,1.04,0
34281150.129545,29.834925,2.98349250260212e-08,0.990099009,0
24229032.226263,29.26575,2.9265750339326476e-08,0.693069306,0
96666666.645849,33.769509,3.376950873502591e-08,2.970297029,0
24229032.226263,29.26575,2.9265750339326476e-08,0.693069306,1
66439628.45773,31.771763,3.177176344623955e-08,1.980198019,0
66439628.45773,31.771763,3.177176344623955e-08,1.980198019,0
66439628.45773,31.771763,3.177176344623955e-08,1.980198019,0
66439628.45773,31.771763,3.177176344623955e-08,1.980198019,1
34281150.129545,29.834925,2.98349250260212e-08,0.990099009,0
17418831.135929,28.889346,2.8889345891625006e-08,0.495049504,0
66439628.45773,31.771763,3.177176344623955e-08,1.980198019,0
17418831.135929,28.889346,2.8889345891625006e-08,0.495049504,1
66439628.45773,31.771763,3.177176344623955e-08,1.980198019,0
50613207.51952,30.795731,3.079573087755936e-08,1.485148514,0
96666666.645849,33.769509,3.376950873502591e-08,2.970297029,0
50613207.51952,30.795731,3.079573087755936e-08,1.485148514,0
107203420.342034,34.510373,3.4510372786579665e-08,3.33,0
40876190.447028,30.21742,3.021742016057939e-08,1.188118811,1
96666666.645849,33.769509,3.376950873502591e-08,2.970297029,0
67062499.999999,31.811121,3.1811121466293816e-08,2.0,1
26170731.707317,29.374418,2.9374417520969238e-08,0.75,0
151983002.819554,37.94772,3.794771991830293e-08,4.950495049,0
35411.372207,27.960839,2.7960838984787036e-08,0.000990099,1
96666666.645849,33.769509,3.376950873502591e-08,2.970297029,0
15857142.857142,28.804054,2.8804054054054005e-08,0.45,0
34281150.129545,29.834925,2.98349250260212e-08,0.990099009,1
30280572.183783,29.60643,2.9606430240447347e-08,0.8712,0
66439628.45773,31.771763,3.177176344623955e-08,1.980198019,0
199024193.540869,42.14268,4.2142680490460835e-08,6.831683168,0
2473164.282207,28.088326,2.8088326164975017e-08,0.06930693,1
354008.574488,27.977451,2.7977451302566102e-08,0.00990099,1
34281150.129545,29.834925,2.98349250260212e-08,0.990099009,1
66439628.45773,31.771763,3.177176344623955e-08,1.980198019,0
96079927.869644,33.728957,3.3728956942347695e-08,2.950495049,0
742016497.0,293.838217,2.938382173521333e-07,67.255602494,0
30280572.183783,29.60643,2.9606430240447347e-08,0.8712,0
34612903.225806,29.853992,2.985399192295741e-08,1.0,0
55938388.625592,31.119059,3.111905871388628e-08,1.65,0
17418831.135929,28.889346,2.8889345891625006e-08,0.495049504,0
29927533.922595,29.586392,2.9586392449850986e-08,0.860751335,1
40876190.447028,30.21742,3.021742016057939e-08,1.188118811,0
67062499.999999,31.811121,3.1811121466293816e-08,2.0,0
66439628.45773,31.771763,3.177176344623955e-08,1.980198019,1
96666666.645849,33.769509,3.376950873502591e-08,2.970297029,0
66439628.45773,31.771763,3.177176344623955e-08,1.980198019,0
30280572.183783,29.60643,2.9606430240447347e-08,0.8712,0
50613207.51952,30.795731,3.079573087755936e-08,1.485148514,1
34281150.129545,29.834925,2.98349250260212e-08,0.990099009,0
66439628.45773,31.771763,3.177176344623955e-08,1.980198019,0
81783536.562398,32.763023,3.276302273206171e-08,2.475247524,0
66439628.45773,31.771763,3.177176344623955e-08,1.980198019,0
6929458.519622,28.323642,2.8323641658900253e-08,0.195,0
81783536.562398,32.763023,3.276302273206171e-08,2.475247524,0
66439628.45773,31.771763,3.177176344623955e-08,1.980198019,0
34281150.129545,29.834925,2.98349250260212e-08,0.990099009,0
125131195.318419,35.828161,3.582816089238039e-08,3.960396039,0
112104475.239073,34.863311,3.4863311415264284e-08,3.499999917,0
96666666.645849,33.769509,3.376950873502591e-08,2.970297029,0
66439628.45773,31.771763,3.177176344623955e-08,1.980198019,0
66439628.45773,31.771763,3.177176344623955e-08,1.980198019,0
97545454.545454,33.830382,3.3830382106244145e-08,3.0,0
125131195.318419,35.828161,3.582816089238039e-08,3.960396039,0
96666666.645849,33.769509,3.376950873502591e-08,2.970297029,0
112104475.239073,34.863311,3.4863311415264284e-08,3.499999917,0
66439628.45773,31.771763,3.177176344623955e-08,1.980198019,0
66439628.45773,31.771763,3.177176344623955e-08,1.980198019,0
66439628.45773,31.771763,3.177176344623955e-08,1.980198019,0
60168224.272876,31.379523,3.137952321271039e-08,1.782178217,0
66439628.45773,31.771763,3.177176344623955e-08,1.980198019,0
97545454.545454,33.830382,3.3830382106244145e-08,3.0,0
112104475.239073,34.863311,3.4863311415264284e-08,3.499999917,0
20000000.0,29.03115,2.9031149638936915e-08,0.56980057,0
66439628.45773,31.771763,3.177176344623955e-08,1.980198019,0
1785357.737104,28.052268,2.8052267785026368e-08,0.05,0
66439628.45773,31.771763,3.177176344623955e-08,1.980198019,0
34281150.129545,29.834925,2.98349250260212e-08,0.990099009,0
66439628.45773,31.771763,3.177176344623955e-08,1.980198019,0
66439628.45773,31.771763,3.177176344623955e-08,1.980198019,1
112104475.239073,34.863311,3.4863311415264284e-08,3.499999917,0
97545454.545454,33.830382,3.3830382106244145e-08,3.0,0
100000000.0,34.001282,3.4001282309932404e-08,3.083247688,0
66439628.45773,31.771763,3.177176344623955e-08,1.980198019,0
96666666.645849,33.769509,3.376950873502591e-08,2.970297029,0
96666666.645849,33.769509,3.376950873502591e-08,2.970297029,0
35951030.927835,29.931084,2.993108418763591e-08,1.04,0
34281150.129545,29.834925,2.98349250260212e-08,0.990099009,0
24229032.226263,29.26575,2.9265750339326476e-08,0.693069306,0
96666666.645849,33.769509,3.376950873502591e-08,2.970297029,0
24229032.226263,29.26575,2.9265750339326476e-08,0.693069306,1
66439628.45773,31.771763,3.177176344623955e-08,1.980198019,0
66439628.45773,31.771763,3.177176344623955e-08,1.980198019,0
66439628.45773,31.771763,3.177176344623955e-08,1.980198019,0
66439628.45773,31.771763,3.177176344623955e-08,1.980198019,0
17418831.135929,28.889346,2.8889345891625006e-08,0.495049504,0
66439628.45773,31.771763,3.177176344623955e-08,1.980198019,0
100208.125294,27.964216,2.7964216422836003e-08,0.00280198,1
4232741.610681,28.180889,2.8180889379405586e-08,0.118811881,0
75000000.0,32.319147,3.23191473126614e-08,2.254509018,0
17590167.065573,28.898726,2.8898726483990538e-08,0.50000009,1
7036065.53917,28.329307,2.8329307235215518e-08,0.198019801,0
4583963.184034,28.19942,2.8199420293978277e-08,0.128712871,0
153285714.285714,38.055297,3.805529667598631e-08,5.0,0
96666666.645849,33.769509,3.376950873502591e-08,2.970297029,0
10519607.80911,28.515378,2.851537771866636e-08,0.297029702,0
51312795.455014,30.837919,3.083791932388119e-08,1.506707588,0
125131195.318419,35.828161,3.582816089238039e-08,3.960396039,0
34281150.129545,29.834925,2.98349250260212e-08,0.990099009,0
66439628.45773,31.771763,3.177176344623955e-08,1.980198019,0
60168224.272876,31.379523,3.137952321271039e-08,1.782178217,0
51093186.473979,30.824667,3.082466653749322e-08,1.499936759,0
96666666.645849,33.769509,3.376950873502591e-08,2.970297029,0
66439628.45773,31.771763,3.177176344623955e-08,1.980198019,0
96666666.645849,33.769509,3.376950873502591e-08,2.970297029,0
60168224.272876,31.379523,3.137952321271039e-08,1.782178217,0
7036065.53917,28.329307,2.8329307235215518e-08,0.198019801,0
67062499.999999,31.811121,3.1811121466293816e-08,2.0,0
354008.574488,27.977451,2.7977451302566102e-08,0.00990099,1
60168224.272876,31.379523,3.137952321271039e-08,1.782178217,0
4010590.666865,28.169178,2.8169177830875588e-08,0.112552771,1
66439628.45773,31.771763,3.177176344623955e-08,1.980198019,0
45118242.169625,30.467348,3.0467348451735055e-08,1.316831683,0
63313664.57056,31.575339,3.1575338795132114e-08,1.881188118,0
66439628.45773,31.771763,3.177176344623955e-08,1.980198019,0
49965028.063481,30.75672,3.075671982301742e-08,1.465200001,0
151983002.819554,37.94772,3.794771991830293e-08,4.950495049,0
66439628.45773,31.771763,3.177176344623955e-08,1.980198019,0
151983002.819554,37.94772,3.794771991830293e-08,4.950495049,0
34281150.129545,29.834925,2.98349250260212e-08,0.990099009,1
66439628.45773,31.771763,3.177176344623955e-08,1.980198019,0
34277831.558568,29.834734,2.9834734389562016e-08,0.99,0
126235294.117647,35.911774,3.5911773842808325e-08,4.0,0
92437615.944876,33.478849,3.347884900931963e-08,2.8281,0
0.0,27.958993,2.7958993476234855e-08,0.0,1
1061325.409773,28.014385,2.8014385227288803e-08,0.02970297,1
60168224.272876,31.379523,3.137952321271039e-08,1.782178217,0
66439628.45773,31.771763,3.177176344623955e-08,1.980198019,0
40876190.447028,30.21742,3.021742016057939e-08,1.188118811,1
31252432.747572,29.661696,2.9661696495734377e-08,0.900000165,1
71618311.028517,32.101231,3.2101230883317454e-08,2.1455848,0
34277831.558568,29.834734,2.9834734389562016e-08,0.99,0
34281150.129545,29.834925,2.98349250260212e-08,0.990099009,1
125131195.318419,35.828161,3.582816089238039e-08,3.960396039,0
66439628.45773,31.771763,3.177176344623955e-08,1.980198019,0
66439628.45773,31.771763,3.177176344623955e-08,1.980198019,0
10519607.80911,28.515378,2.851537771866636e-08,0.297029702,0
50613207.51952,30.795731,3.079573087755936e-08,1.485148514,0
66439628.45773,31.771763,3.177176344623955e-08,1.980198019,0
34277831.558568,29.834734,2.9834734389562016e-08,0.99,0
66439628.45773,31.771763,3.177176344623955e-08,1.980198019,0
73504406.551565,32.222498,3.2222498280240337e-08,2.206245041,0
47388012.590148,30.602352,3.0602351569880334e-08,1.386138613,0
96666666.645849,33.769509,3.376950873502591e-08,2.970297029,0
66439628.45773,31.771763,3.177176344623955e-08,1.980198019,0
67062500.0,31.811121,3.181112146629388e-08,2.0,0
50291601.107981,30.776366,3.0776365538896136e-08,1.475247524,0
84796352.561059,32.963102,3.296310179528323e-08,2.574257425,0
70196261.682243,32.010252,3.201025163094129e-08,2.1,0
97545454.545454,33.830382,3.3830382106244145e-08,3.0,0
24465798.045602,29.278969,2.9278968623796173e-08,0.7,0
5986544.117616,28.273605,2.8273604859136315e-08,0.168316831,1
34281150.129545,29.834925,2.98349250260212e-08,0.990099009,0
67062499.999999,31.811121,3.1811121466293816e-08,2.0,0
97545454.545454,33.830382,3.3830382106244145e-08,3.0,0
20834951.423962,29.077244,2.9077243581132898e-08,0.594059405,1
96666666.645849,33.769509,3.376950873502591e-08,2.970297029,0
35.408998,27.958995,2.795899532152841e-08,9.9e-07,1
35.408998,27.958995,2.795899532152841e-08,9.9e-07,1
66439628.45773,31.771763,3.177176344623955e-08,1.980198019,0
16732943.443704,28.851839,2.8851839442344412e-08,0.475247524,1
67062499.999999,31.811121,3.1811121466293816e-08,2.0,0
33249906.466686,29.775773,2.9775772697257307e-08,0.959362447,0
72633846.129529,32.16644,3.2166439954511366e-08,2.178217821,0
66439628.45773,31.771763,3.177176344623955e-08,1.980198019,1
60168224.272876,31.379523,3.137952321271039e-08,1.782178217,0
30951923.046196,29.644591,2.9644591061770616e-08,0.891089108,0
34281150.129545,29.834925,2.98349250260212e-08,0.990099009,0
26591889.261048,29.398067,2.9398067466503327e-08,0.762376237,0
112104475.239073,34.863311,3.4863311415264284e-08,3.499999917,0
66439628.45773,31.771763,3.177176344623955e-08,1.980198019,0
97545454.545454,33.830382,3.3830382106244145e-08,3.0,0
1767710.031775,28.051344,2.8051343514758427e-08,0.04950495,1
112104475.239073,34.863311,3.4863311415264284e-08,3.499999917,0
125131195.318419,35.828161,3.582816089238039e-08,3.960396039,0
66439628.45773,31.771763,3.177176344623955e-08,1.980198019,0
13980455.992597,28.702057,2.870205727080283e-08,0.396039603,0
97545454.545454,33.830382,3.3830382106244145e-08,3.0,0
96666666.645849,33.769509,3.376950873502591e-08,2.970297029,0
50613207.51952,30.795731,3.079573087755936e-08,1.485148514,0
70196261.682242,32.010252,3.201025163094122e-08,2.1,0
34281150.129545,29.834925,2.98349250260212e-08,0.990099009,0
96666666.645849,33.769509,3.376950873502591e-08,2.970297029,0
50613207.51952,30.795731,3.079573087755936e-08,1.485148514,1
153285714.285714,38.055297,3.805529667598631e-08,5.0,1
66439628.45773,31.771763,3.177176344623955e-08,1.980198019,0
34281150.129545,29.834925,2.98349250260212e-08,0.990099009,1
97545454.545454,33.830382,3.3830382106244145e-08,3.0,0
60168224.272876,31.379523,3.137952321271039e-08,1.782178217,0
357547.484171,27.977636,2.7977635911773793e-08,0.01,0
3529605.227977,28.143846,2.814384582045034e-08,0.0990099,1
66439628.45773,31.771763,3.177176344623955e-08,1.980198019,0
50000000.0,30.758823,3.07588227368759e-08,1.46627566,1
17418831.135929,28.889346,2.8889345891625006e-08,0.495049504,1
357547.484171,27.977636,2.7977635911773793e-08,0.01,1
89702915.373524,33.292888,3.329288829574398e-08,2.7368,0
357547.484171,27.977636,2.7977635911773793e-08,0.01,1
96666666.645849,33.769509,3.376950873502591e-08,2.970297029,0
55938388.625592,31.119059,3.111905871388628e-08,1.65,0
96666666.645849,33.769509,3.376950873502591e-08,2.970297029,0
59141732.283464,31.316014,3.131601429015219e-08,1.75,0
2120299.401197,28.069818,2.806981848214645e-08,0.059398812,1
66439628.45773,31.771763,3.177176344623955e-08,1.980198019,0
37951768.488745,30.046909,3.00469089779434e-08,1.1,0
34281150.129545,29.834925,2.98349250260212e-08,0.990099009,0
34281150.129545,29.834925,2.98349250260212e-08,0.990099009,0
66439628.45773,31.771763,3.177176344623955e-08,1.980198019,0
66439628.45773,31.771763,3.177176344623955e-08,1.980198019,1
34281150.129545,29.834925,2.98349250260212e-08,0.990099009,1
96666666.645849,33.769509,3.376950873502591e-08,2.970297029,0
60168224.272876,31.379523,3.137952321271039e-08,1.782178217,0
66439628.45773,31.771763,3.177176344623955e-08,1.980198019,1
1414634.132213,28.032861,2.8032861325680223e-08,0.03960396,1
34612903.225806,29.853992,2.985399192295741e-08,1.0,0
60168224.272876,31.379523,3.137952321271039e-08,1.782178217,1
96666666.645849,33.769509,3.376950873502591e-08,2.970297029,0
27601286.142372,29.454866,2.945486616620569e-08,0.792079207,0
66439628.45773,31.771763,3.177176344623955e-08,1.980198019,0
199024193.540869,42.14268,4.2142680490460835e-08,6.831683168,0
2473164.282207,28.088326,2.8088326164975017e-08,0.06930693,1
354008.574488,27.977451,2.7977451302566102e-08,0.00990099,1
34281150.129545,29.834925,2.98349250260212e-08,0.990099009,1
66439628.45773,31.771763,3.177176344623955e-08,1.980198019,0
96079927.869644,33.728957,3.3728956942347695e-08,2.950495049,0
742016497.0,293.838217,2.938382173521333e-07,67.255602494,1
30280572.183783,29.60643,2.9606430240447347e-08,0.8712,0
34612903.225806,29.853992,2.985399192295741e-08,1.0,0
55938388.625592,31.119059,3.111905871388628e-08,1.65,0
17418831.135929,28.889346,2.8889345891625006e-08,0.495049504,0
29927533.922595,29.586392,2.9586392449850986e-08,0.860751335,1
40876190.447028,30.21742,3.021742016057939e-08,1.188118811,0
67062499.999999,31.811121,3.1811121466293816e-08,2.0,0
66439628.45773,31.771763,3.177176344623955e-08,1.980198019,1
96666666.645849,33.769509,3.376950873502591e-08,2.970297029,0
66439628.45773,31.771763,3.177176344623955e-08,1.980198019,0
30280572.183783,29.60643,2.9606430240447347e-08,0.8712,0
56049734.108565,31.125874,3.112587351383726e-08,1.653465346,0
10519607.80911,28.515378,2.851537771866636e-08,0.297029702,0
34281150.129545,29.834925,2.98349250260212e-08,0.990099009,0
57542586.750788,31.217459,3.121745883814845e-08,1.7,0
67062499.999999,31.811121,3.1811121466293816e-08,2.0,0
96666666.645849,33.769509,3.376950873502591e-08,2.970297029,0
30280572.183783,29.60643,2.9606430240447347e-08,0.8712,0
9570862.239841,28.46452,2.8464520037278634e-08,0.27,0
60168224.272876,31.379523,3.137952321271039e-08,1.782178217,0
66439628.45773,31.771763,3.177176344623955e-08,1.980198019,0
34281150.129545,29.834925,2.98349250260212e-08,0.990099009,0
1414634.132213,28.032861,2.8032861325680223e-08,0.03960396,0
50000000.0,30.758823,3.07588227368759e-08,1.46627566,0
13280122.384524,28.664133,2.866413333692951e-08,0.375951872,1
67062499.999999,31.811121,3.1811121466293816e-08,2.0,1
66439628.45773,31.771763,3.177176344623955e-08,1.980198019,0
66439628.45773,31.771763,3.177176344623955e-08,1.980198019,0
66439628.45773,31.771763,3.177176344623955e-08,1.980198019,0
34281150.129545,29.834925,2.98349250260212e-08,0.990099009,1
81783536.562398,32.763023,3.276302273206171e-08,2.475247524,0
151983002.819554,37.94772,3.794771991830293e-08,4.950495049,0
47388012.590148,30.602352,3.0602351569880334e-08,1.386138613,0
112104475.239073,34.863311,3.4863311415264284e-08,3.499999917,1
10519607.80911,28.515378,2.851537771866636e-08,0.297029702,0
24229032.226263,29.26575,2.9265750339326476e-08,0.693069306,1
17418831.135929,28.889346,2.8889345891625006e-08,0.495049504,0
35411.372207,27.960839,2.7960838984787036e-08,0.000990099,1
100000000.0,34.001282,3.4001282309932404e-08,3.083247688,0
50613207.51952,30.795731,3.079573087755936e-08,1.485148514,0
66439628.45773,31.771763,3.177176344623955e-08,1.980198019,0
97545454.545454,33.830382,3.3830382106244145e-08,3.0,0
66439628.45773,31.771763,3.177176344623955e-08,1.980198019,0
112104475.239073,34.863311,3.4863311415264284e-08,3.499999917,1
66439628.45773,31.771763,3.177176344623955e-08,1.980198019,0
66439628.45773,31.771763,3.177176344623955e-08,1.980198019,0
66439628.45773,31.771763,3.177176344623955e-08,1.980198019,0
34281150.129545,29.834925,2.98349250260212e-08,0.990099009,0
66439628.45773,31.771763,3.177176344623955e-08,1.980198019,0
30951923.046196,29.644591,2.9644591061770616e-08,0.891089108,0
66439628.45773,31.771763,3.177176344623955e-08,1.980198019,0
96666666.645849,33.769509,3.376950873502591e-08,2.970297029,0
24229032.226263,29.26575,2.9265750339326476e-08,0.693069306,0
45195395.898546,30.471923,3.0471922779894924e-08,1.319182529,0
96666666.645849,33.769509,3.376950873502591e-08,2.970297029,0
126235294.117648,35.911774,3.59117738428084e-08,4.0,0
49999999.973209,30.758823,3.075882273526484e-08,1.466275659,0
13980455.992597,28.702057,2.870205727080283e-08,0.396039603,0
66439628.45773,31.771763,3.177176344623955e-08,1.980198019,0
111109467.436838,34.791221,3.479122145513215e-08,3.465346534,0
66439628.45773,31.771763,3.177176344623955e-08,1.980198019,0
67062499.999999,31.811121,3.1811121466293816e-08,2.0,0
29279293.725895,29.549652,2.954965248136055e-08,0.841584158,0
151983002.819554,37.94772,3.794771991830293e-08,4.950495049,0
151983002.819554,37.94772,3.794771991830293e-08,4.950495049,0
34281150.129545,29.834925,2.98349250260212e-08,0.990099009,0
70196261.682243,32.010252,3.201025163094129e-08,2.1,0
81783536.562398,32.763023,3.276302273206171e-08,2.475247524,0
50613207.51952,30.795731,3.079573087755936e-08,1.485148514,0
66439628.45773,31.771763,3.177176344623955e-08,1.980198019,0
707783.634087,27.995915,2.7995915219584048e-08,0.01980198,1
66439628.45773,31.771763,3.177176344623955e-08,1.980198019,1
66439628.45773,31.771763,3.177176344623955e-08,1.980198019,1
13980455.992597,28.702057,2.870205727080283e-08,0.396039603,0
96666666.645849,33.769509,3.376950873502591e-08,2.970297029,0
66433395.87242,31.77137,3.1771369990680314e-08,1.98,0
53818181.791024,30.989719,3.0989719253923995e-08,1.584158415,0
26591889.261048,29.398067,2.9398067466503327e-08,0.762376237,0
66439628.45773,31.771763,3.177176344623955e-08,1.980198019,0
60168224.272876,31.379523,3.137952321271039e-08,1.782178217,0
50000000.0,30.758823,3.07588227368759e-08,1.46627566,0
24229032.226263,29.26575,2.9265750339326476e-08,0.693069306,0
97545454.545454,33.830382,3.3830382106244145e-08,3.0,0
60735849.056603,31.414725,3.141472506989743e-08,1.8,0
125131195.318419,35.828161,3.582816089238039e-08,3.960396039,1
5285714.268532,28.2365,2.8236500395183797e-08,0.148514851,0
66439628.45773,31.771763,3.177176344623955e-08,1.980198019,0
66439628.45773,31.771763,3.177176344623955e-08,1.980198019,0
66439628.45773,31.771763,3.177176344623955e-08,1.980198019,0
10519607.80911,28.515378,2.851537771866636e-08,0.297029702,1
81783536.562398,32.763023,3.276302273206171e-08,2.475247524,0
96666666.645849,33.769509,3.376950873502591e-08,2.970297029,0
40876190.447028,30.21742,3.021742016057939e-08,1.188118811,0
35.408998,27.958995,2.795899532152841e-08,9.9e-07,1
57542586.750788,31.217459,3.121745883814845e-08,1.7,0
39235294.104827,30.121568,3.012156797715005e-08,1.138613861,0
96666666.645849,33.769509,3.376950873502591e-08,2.970297029,0
51255813.951882,30.83448,3.083447982890336e-08,1.504950495,0
20834951.423962,29.077244,2.9077243581132898e-08,0.594059405,0
66439628.45773,31.771763,3.177176344623955e-08,1.980198019,0
87790909.068816,33.16379,3.316378992719037e-08,2.673267326,0
81783536.562398,32.763023,3.276302273206171e-08,2.475247524,0
66439628.45773,31.771763,3.177176344623955e-08,1.980198019,1
7036065.53917,28.329307,2.8329307235215518e-08,0.198019801,0
17418831.135929,28.889346,2.8889345891625006e-08,0.495049504,1
354008.574488,27.977451,2.7977451302566102e-08,0.00990099,1
67062499.999999,31.811121,3.1811121466293816e-08,2.0,0
1061325.409773,28.014385,2.8014385227288803e-08,0.02970297,1
66439628.45773,31.771763,3.177176344623955e-08,1.980198019,0
34281150.129545,29.834925,2.98349250260212e-08,0.990099009,0
96666666.645849,33.769509,3.376950873502591e-08,2.970297029,1
67062499.999999,31.811121,3.1811121466293816e-08,2.0,0
66439628.45773,31.771763,3.177176344623955e-08,1.980198019,0
47388012.590148,30.602352,3.0602351569880334e-08,1.386138613,0
66439628.45773,31.771763,3.177176344623955e-08,1.980198019,0
66439628.45773,31.771763,3.177176344623955e-08,1.980198019,0
354008.574488,27.977451,2.7977451302566102e-08,0.00990099,1
3529605.227977,28.143846,2.814384582045034e-08,0.0990099,0
96666666.645849,33.769509,3.376950873502591e-08,2.970297029,0
34277831.558568,29.834734,2.9834734389562016e-08,0.99,0
125131195.318419,35.828161,3.582816089238039e-08,3.960396039,0
125131195.318419,35.828161,3.582816089238039e-08,3.960396039,0
80270228.999752,32.663212,3.2663211602215455e-08,2.425742574,0
34281150.129545,29.834925,2.98349250260212e-08,0.990099009,0
34281150.129545,29.834925,2.98349250260212e-08,0.990099009,0
125131195.318419,35.828161,3.582816089238039e-08,3.960396039,0
30280572.183783,29.60643,2.9606430240447347e-08,0.8712,0
34281150.129545,29.834925,2.98349250260212e-08,0.990099009,0
34281150.129545,29.834925,2.98349250260212e-08,0.990099009,1
707783.634087,27.995915,2.7995915219584048e-08,0.01980198,1
126235294.117647,35.911774,3.5911773842808325e-08,4.0,0
66439628.45773,31.771763,3.177176344623955e-08,1.980198019,0
112104475.239073,34.863311,3.4863311415264284e-08,3.499999917,0
112104475.239073,34.863311,3.4863311415264284e-08,3.499999917,0
96666666.645849,33.769509,3.376950873502591e-08,2.970297029,0
112104475.239073,34.863311,3.4863311415264284e-08,3.499999917,0
34114860.114661,29.825375,2.9825374686194656e-08,0.985138553,0
27870134.831168,29.470022,2.9470022025661302e-08,0.800000146,1
2473164.282207,28.088326,2.8088326164975017e-08,0.06930693,1
75702453.963868,32.364692,3.236469181167582e-08,2.277227722,0
67062499.999999,31.811121,3.1811121466293816e-08,2.0,0
100000000.0,34.001282,3.4001282309932404e-08,3.083247688,0
96666666.645849,33.769509,3.376950873502591e-08,2.970297029,0
37589171.944844,30.025868,3.002586805895743e-08,1.08910891,1
66439628.45773,31.771763,3.177176344623955e-08,1.980198019,0
81783536.562398,32.763023,3.276302273206171e-08,2.475247524,0
97545454.545454,33.830382,3.3830382106244145e-08,3.0,0
66439628.45773,31.771763,3.177176344623955e-08,1.980198019,0
96666666.645849,33.769509,3.376950873502591e-08,2.970297029,0
24465798.045602,29.278969,2.9278968623796173e-08,0.7,0
49965028.063481,30.75672,3.075671982301742e-08,1.465200001,1
17418831.135929,28.889346,2.8889345891625006e-08,0.495049504,0
34281150.129545,29.834925,2.98349250260212e-08,0.990099009,0
97545454.545454,33.830382,3.3830382106244145e-08,3.0,0
50613207.51952,30.795731,3.079573087755936e-08,1.485148514,1
7036065.53917,28.329307,2.8329307235215518e-08,0.198019801,0
60168224.272876,31.379523,3.137952321271039e-08,1.782178217,1
10519607.80911,28.515378,2.851537771866636e-08,0.297029702,1
9104530.495412,28.439572,2.8439572097331422e-08,0.256731909,0
28373839.27781,29.498449,2.9498448960627683e-08,0.814851485,0
81783536.562398,32.763023,3.276302273206171e-08,2.475247524,0
112104475.239073,34.863311,3.4863311415264284e-08,3.499999917,0
75702453.963868,32.364692,3.236469181167582e-08,2.277227722,1
50000000.0,30.758823,3.07588227368759e-08,1.46627566,0
66439628.45773,31.771763,3.177176344623955e-08,1.980198019,0
153285714.285714,38.055297,3.805529667598631e-08,5.0,0
70196261.682242,32.010252,3.201025163094122e-08,2.1,0
1767710.031775,28.051344,2.8051343514758427e-08,0.04950495,1
52057936.872153,30.88295,3.0882950275751056e-08,1.52970297,0
40876190.447028,30.21742,3.021742016057939e-08,1.188118811,1
126235294.117646,35.911774,3.5911773842808246e-08,4.0,1
96666666.645849,33.769509,3.376950873502591e-08,2.970297029,0
97545454.545454,33.830382,3.3830382106244145e-08,3.0,0
34281150.129545,29.834925,2.98349250260212e-08,0.990099009,0
20834951.423962,29.077244,2.9077243581132898e-08,0.594059405,0
96666666.645849,33.769509,3.376950873502591e-08,2.970297029,0
1767710.031775,28.051344,2.8051343514758427e-08,0.04950495,1
112104475.239073,34.863311,3.4863311415264284e-08,3.499999917,0
37682512.504364,30.031282,3.0031282354951085e-08,1.091911794,0
34947758.787487,29.873256,2.987325566946251e-08,1.01,0
66439628.45773,31.771763,3.177176344623955e-08,1.980198019,0
82538461.538461,32.812985,3.281298539919226e-08,2.5,0
60168224.272876,31.379523,3.137952321271039e-08,1.782178217,1
66439628.45773,31.771763,3.177176344623955e-08,1.980198019,0
49969792.300969,30.757006,3.075700629091971e-08,1.465346534,0
63909090.90909,31.612613,3.161261261261256e-08,1.9,0
51095238.095238,30.82479,3.082479030754892e-08,1.5,0
153285714.285714,38.055297,3.805529667598631e-08,5.0,0
66439628.45773,31.771763,3.177176344623955e-08,1.980198019,0
66439628.45773,31.771763,3.177176344623955e-08,1.980198019,0
66439628.45773,31.771763,3.177176344623955e-08,1.980198019,0
354008.574488,27.977451,2.7977451302566102e-08,0.00990099,1
100000000.0,34.001282,3.4001282309932404e-08,3.083247688,0
78253399.258343,32.530898,3.253089779434603e-08,2.36,0
66439628.45773,31.771763,3.177176344623955e-08,1.980198019,0
125131195.318419,35.828161,3.582816089238039e-08,3.960396039,0
41596535.749535,30.259643,3.025964336146635e-08,1.20990099,0
118732315.811126,35.349278,3.534927759360591e-08,3.732673267,0
34281150.129545,29.834925,2.98349250260212e-08,0.990099009,0
29948989.392149,29.58761,2.958760964146434e-08,0.861386138,1
97545454.545454,33.830382,3.3830382106244145e-08,3.0,0
97545454.545454,33.830382,3.3830382106244145e-08,3.0,0
354.089883,27.959012,2.7959011929173586e-08,9.9e-06,0
84970534.069981,32.974725,3.297472506989744e-08,2.58,0
34281150.129545,29.834925,2.98349250260212e-08,0.990099009,0
66439628.45773,31.771763,3.177176344623955e-08,1.980198019,0
87790909.068816,33.16379,3.316378992719037e-08,2.673267326,0
84796352.561059,32.963102,3.296310179528323e-08,2.574257425,1
37589171.944844,30.025868,3.002586805895743e-08,1.08910891,0
23551968.987198,29.228,2.922800026257404e-08,0.673267326,0
66439628.45773,31.771763,3.177176344623955e-08,1.980198019,0
66439628.45773,31.771763,3.177176344623955e-08,1.980198019,0
96666666.645849,33.769509,3.376950873502591e-08,2.970297029,0
125131195.318419,35.828161,3.582816089238039e-08,3.960396039,0
2473164.282207,28.088326,2.8088326164975017e-08,0.06930693,1
34281150.129545,29.834925,2.98349250260212e-08,0.990099009,1
111109467.436838,34.791221,3.479122145513215e-08,3.465346534,0
27870134.831168,29.470022,2.9470022025661302e-08,0.800000146,1
707783.634087,27.995915,2.7995915219584048e-08,0.01980198,1
50613207.51952,30.795731,3.079573087755936e-08,1.485148514,0
25040355.84779,29.311083,2.931108259216378e-08,0.716831683,1
1767710.031775,28.051344,2.8051343514758427e-08,0.04950495,0
34612903.225806,29.853992,2.985399192295741e-08,1.0,0
37589171.944844,30.025868,3.002586805895743e-08,1.08910891,1
354008.574488,27.977451,2.7977451302566102e-08,0.00990099,1
1414634.132213,28.032861,2.8032861325680223e-08,0.03960396,0
34281150.129545,29.834925,2.98349250260212e-08,0.990099009,0
96666666.645849,33.769509,3.376950873502591e-08,2.970297029,0
27870129.870129,29.470022,2.9470021745883762e-08,0.8,1
66439628.45773,31.771763,3.177176344623955e-08,1.980198019,0
112104475.239073,34.863311,3.4863311415264284e-08,3.499999917,0
64879069.757751,31.673475,3.167347498809207e-08,1.930693069,0
97545454.545454,33.830382,3.3830382106244145e-08,3.0,0
27601286.142372,29.454866,2.945486616620569e-08,0.792079207,1
96666666.645849,33.769509,3.376950873502591e-08,2.970297029,1
66439628.45773,31.771763,3.177176344623955e-08,1.980198019,0
34281150.129545,29.834925,2.98349250260212e-08,0.990099009,1
10581651.315923,28.518708,2.8518708319447083e-08,0.298798999,1
66439628.45773,31.771763,3.177176344623955e-08,1.980198019,0
125131195.318419,35.828161,3.582816089238039e-08,3.960396039,0
55413145.529077,31.086942,3.108694184384623e-08,1.633663366,0
19129659.628063,28.983219,2.8983218603742138e-08,0.544554455,0
34281150.129545,29.834925,2.98349250260212e-08,0.990099009,1
34281150.129545,29.834925,2.98349250260212e-08,0.990099009,0
67062499.999999,31.811121,3.1811121466293816e-08,2.0,0
40876190.447028,30.21742,3.021742016057939e-08,1.188118811,0
26524526.823794,29.394283,2.9394282835542895e-08,0.760396039,1
50613207.51952,30.795731,3.079573087755936e-08,1.485148514,0
15014318.246824,28.75818,2.8758179906160763e-08,0.425742574,0
34281150.129545,29.834925,2.98349250260212e-08,0.990099009,0
3529605.227977,28.143846,2.814384582045034e-08,0.0990099,0
34281150.129545,29.834925,2.98349250260212e-08,0.990099009,0
42920007.64,30.33745,3.033744996850364e-08,1.250000232,1
100000000.0,34.001282,3.4001282309932404e-08,3.083247688,0
17418831.135929,28.889346,2.8889345891625006e-08,0.495049504,1
96666666.645849,33.769509,3.376950873502591e-08,2.970297029,0
67062499.999999,31.811121,3.1811121466293816e-08,2.0,0
3564784.053156,28.145697,2.8145697421559485e-08,0.1,0
15702439.008573,28.795625,2.8795625448574022e-08,0.445544554,1
13290091.238071,28.664673,2.8664672635258167e-08,0.376237623,1
81783536.562398,32.763023,3.276302273206171e-08,2.475247524,0
66439628.45773,31.771763,3.177176344623955e-08,1.980198019,0
59536783.022491,31.340433,3.134043318486306e-08,1.762376237,0
97545454.545454,33.830382,3.3830382106244145e-08,3.0,0
169863.322139,27.967848,2.7967847782855968e-08,0.004749959,1
7036065.53917,28.329307,2.8329307235215518e-08,0.198019801,1
7036065.53917,28.329307,2.8329307235215518e-08,0.198019801,1
96666666.645849,33.769509,3.376950873502591e-08,2.970297029,0
30951923.046196,29.644591,2.9644591061770616e-08,0.891089108,1
66439628.45773,31.771763,3.177176344623955e-08,1.980198019,0
153285714.285714,38.055297,3.805529667598631e-08,5.0,0
97757696.409773,33.845109,3.384510871245879e-08,3.007181786,0
15857142.857142,28.804054,2.8804054054054005e-08,0.45,0
66439628.45773,31.771763,3.177176344623955e-08,1.980198019,0
126235294.117646,35.911774,3.5911773842808246e-08,4.0,0
97545454.545454,33.830382,3.3830382106244145e-08,3.0,0
67062499.999999,31.811121,3.1811121466293816e-08,2.0,1
106333333.333333,34.448276,3.4448275862068944e-08,3.3,0
97545454.545454,33.830382,3.3830382106244145e-08,3.0,0
66439628.45773,31.771763,3.177176344623955e-08,1.980198019,0
49003149.594688,30.698965,3.06989650911107e-08,1.435643564,0
80000000.0,32.645436,3.2645436484393776e-08,2.416918429,0
34281150.129545,29.834925,2.98349250260212e-08,0.990099009,0
60000000.0,31.369102,3.136910197053312e-08,1.776900296,0
3529605.227977,28.143846,2.814384582045034e-08,0.0990099,0
40876190.447028,30.21742,3.021742016057939e-08,1.188118811,0
47388012.590148,30.602352,3.0602351569880334e-08,1.386138613,0
73310559.006211,32.210003,3.2210003106554825e-08,2.2,0
81783536.562398,32.763023,3.276302273206171e-08,2.475247524,0
66439628.45773,31.771763,3.177176344623955e-08,1.980198019,0
66439628.45773,31.771763,3.177176344623955e-08,1.980198019,0
27191033.138401,29.431761,2.9431761416588973e-08,0.78,0
66439628.45773,31.771763,3.177176344623955e-08,1.980198019,0
50613207.51952,30.795731,3.079573087755936e-08,1.485148514,0
67062499.999999,31.811121,3.1811121466293816e-08,2.0,0
707783.634087,27.995915,2.7995915219584048e-08,0.01980198,0
60735849.056603,31.414725,3.141472506989743e-08,1.8,0
66439628.45773,31.771763,3.177176344623955e-08,1.980198019,0
66439628.45773,31.771763,3.177176344623955e-08,1.980198019,0
153285714.285714,38.055297,3.805529667598631e-08,5.0,0
34281150.129545,29.834925,2.98349250260212e-08,0.990099009,0
54167906.31429,31.010998,3.101099798073935e-08,1.595,0
70820.407185,27.962685,2.7962684554246128e-08,0.001980198,1
59536783.022491,31.340433,3.134043318486306e-08,1.762376237,0
50613207.51952,30.795731,3.079573087755936e-08,1.485148514,0
1767710.031775,28.051344,2.8051343514758427e-08,0.04950495,1
96666666.645849,33.769509,3.376950873502591e-08,2.970297029,0
126235294.117646,35.911774,3.5911773842808246e-08,4.0,0
17418831.135929,28.889346,2.8889345891625006e-08,0.495049504,0
354008.574488,27.977451,2.7977451302566102e-08,0.00990099,0
34281150.129545,29.834925,2.98349250260212e-08,0.990099009,0
35411.372207,27.960839,2.7960838984787036e-08,0.000990099,1
224125326.366102,44.671838,4.467183820747892e-08,7.920792079,0
66439628.45773,31.771763,3.177176344623955e-08,1.980198019,0
67062499.999999,31.811121,3.1811121466293816e-08,2.0,0
34281150.129545,29.834925,2.98349250260212e-08,0.990099009,1
8083524.39246,28.385064,2.838506442935341e-08,0.227722772,1
66439628.45773,31.771763,3.177176344623955e-08,1.980198019,0
94580547.112462,33.62566,3.362566014290152e-08,2.9,0
42511885.882992,30.313425,3.031342461311793e-08,1.237623762,1
178833333.333333,40.260951,4.026095060577816e-08,6.0,0
23551968.987198,29.228,2.922800026257404e-08,0.673267326,0
75702453.963868,32.364692,3.236469181167582e-08,2.277227722,0
88685740.235254,33.224115,3.322411513657851e-08,2.702970297,0
3529605.227977,28.143846,2.814384582045034e-08,0.0990099,1
50613207.51952,30.795731,3.079573087755936e-08,1.485148514,0
50613207.51952,30.795731,3.079573087755936e-08,1.485148514,1
17418831.135929,28.889346,2.8889345891625006e-08,0.495049504,0
54025431.70662,31.002327,3.10023265751462e-08,1.590582338,0
82538461.538461,32.812985,3.281298539919226e-08,2.5,0
5285714.268532,28.2365,2.8236500395183797e-08,0.148514851,1
240428937.246277,46.438518,4.6438518062495634e-08,8.663366336,0
66439628.45773,31.771763,3.177176344623955e-08,1.980198019,0
34281150.129545,29.834925,2.98349250260212e-08,0.990099009,0
3529605.227977,28.143846,2.814384582045034e-08,0.0990099,1
34281150.129545,29.834925,2.98349250260212e-08,0.990099009,0
47388012.590148,30.602352,3.0602351569880334e-08,1.386138613,0
66439628.45773,31.771763,3.177176344623955e-08,1.980198019,0
43425612.746864,30.367254,3.03672536157535e-08,1.265346534,0
70196261.682242,32.010252,3.201025163094122e-08,2.1,0
67062499.999999,31.811121,3.1811121466293816e-08,2.0,0
1061325.409773,28.014385,2.8014385227288803e-08,0.02970297,1
20834951.423962,29.077244,2.9077243581132898e-08,0.594059405,0
66439628.45773,31.771763,3.177176344623955e-08,1.980198019,0
50613207.51952,30.795731,3.079573087755936e-08,1.485148514,0
67062499.999999,31.811121,3.1811121466293816e-08,2.0,0
66439628.45773,31.771763,3.177176344623955e-08,1.980198019,0
60168224.272876,31.379523,3.137952321271039e-08,1.782178217,0
66439628.45773,31.771763,3.177176344623955e-08,1.980198019,0
41956331.455411,30.280766,3.028076601553739e-08,1.220792079,0
3529605.227977,28.143846,2.814384582045034e-08,0.0990099,1
50613207.51952,30.795731,3.079573087755936e-08,1.485148514,1
24229032.226263,29.26575,2.9265750339326476e-08,0.693069306,0
66439628.45773,31.771763,3.177176344623955e-08,1.980198019,0
73689179.875947,32.234415,3.223441531034479e-08,2.2122,0
97545454.545454,33.830382,3.3830382106244145e-08,3.0,0
42511885.882992,30.313425,3.031342461311793e-08,1.237623762,0
34612903.225806,29.853992,2.985399192295741e-08,1.0,0
66439628.45773,31.771763,3.177176344623955e-08,1.980198019,0
34281150.129545,29.834925,2.98349250260212e-08,0.990099009,0
34281150.129545,29.834925,2.98349250260212e-08,0.990099009,1
2825543.092292,28.106827,2.8106826626113357e-08,0.07920792,1
34281150.129545,29.834925,2.98349250260212e-08,0.990099009,0
34281150.129545,29.834925,2.98349250260212e-08,0.990099009,1
34281150.129545,29.834925,2.98349250260212e-08,0.990099009,0
81783536.562398,32.763023,3.276302273206171e-08,2.475247524,0
66439628.45773,31.771763,3.177176344623955e-08,1.980198019,0
66439628.45773,31.771763,3.177176344623955e-08,1.980198019,0
31952929.868119,29.701627,2.9701627300178557e-08,0.920792079,0
339670.109962,27.976703,2.7976703347224224e-08,0.009499842,1
26591889.261048,29.398067,2.9398067466503327e-08,0.762376237,1
34281150.129545,29.834925,2.98349250260212e-08,0.990099009,0
65961062.89113,31.741573,3.1741573433556236e-08,1.965000373,0
96666666.645849,33.769509,3.376950873502591e-08,2.970297029,0
34281150.129545,29.834925,2.98349250260212e-08,0.990099009,1
34281150.129545,29.834925,2.98349250260212e-08,0.990099009,0
20834951.423962,29.077244,2.9077243581132898e-08,0.594059405,1
66439628.45773,31.771763,3.177176344623955e-08,1.980198019,0
125131195.318419,35.828161,3.582816089238039e-08,3.960396039,0
10519607.80911,28.515378,2.851537771866636e-08,0.297029702,0
34281150.129545,29.834925,2.98349250260212e-08,0.990099009,0
159744382.010158,38.595464,3.859546446545051e-08,5.247524752,0
67062499.999999,31.811121,3.1811121466293816e-08,2.0,0
97545454.545454,33.830382,3.3830382106244145e-08,3.0,0
1414634.132213,28.032861,2.8032861325680223e-08,0.03960396,1
13980455.992597,28.702057,2.870205727080283e-08,0.396039603,1
66439628.45773,31.771763,3.177176344623955e-08,1.980198019,0
67062511.9375,31.811122,3.181112222130156e-08,2.00000038,1
50613207.51952,30.795731,3.079573087755936e-08,1.485148514,0
34281150.129545,29.834925,2.98349250260212e-08,0.990099009,1
76405572.755417,32.410376,3.241037589313445e-08,2.3,0
318618.229023,27.975605,2.7975605245852076e-08,0.008910891,1
97545454.545454,33.830382,3.3830382106244145e-08,3.0,0
97545454.545454,33.830382,3.3830382106244145e-08,3.0,0
66439628.45773,31.771763,3.177176344623955e-08,1.980198019,0
96666666.645849,33.769509,3.376950873502591e-08,2.970297029,0
66439628.45773,31.771763,3.177176344623955e-08,1.980198019,0
3529605.227977,28.143846,2.814384582045034e-08,0.0990099,0
3529605.227977,28.143846,2.814384582045034e-08,0.0990099,0
76714020.427112,32.430447,3.2430447343895595e-08,2.31,0
34281150.129545,29.834925,2.98349250260212e-08,0.990099009,0
34281150.129545,29.834925,2.98349250260212e-08,0.990099009,0
66439628.45773,31.771763,3.177176344623955e-08,1.980198019,0
50000000.0,30.758823,3.07588227368759e-08,1.46627566,0
34281150.129545,29.834925,2.98349250260212e-08,0.990099009,0
96666666.645849,33.769509,3.376950873502591e-08,2.970297029,0
96666666.645849,33.769509,3.376950873502591e-08,2.970297029,0
97545471.909091,33.830383,3.3830383310643654e-08,3.000000587,1
10519607.80911,28.515378,2.851537771866636e-08,0.297029702,0
34281150.129545,29.834925,2.98349250260212e-08,0.990099009,0
17418831.135929,28.889346,2.8889345891625006e-08,0.495049504,0
34281150.129545,29.834925,2.98349250260212e-08,0.990099009,0
66439628.45773,31.771763,3.177176344623955e-08,1.980198019,0
66439628.45773,31.771763,3.177176344623955e-08,1.980198019,0
10519607.80911,28.515378,2.851537771866636e-08,0.297029702,1
81783536.562398,32.763023,3.276302273206171e-08,2.475247524,1
34281150.129545,29.834925,2.98349250260212e-08,0.990099009,0
34944113.00533,29.873046,2.9873045832607675e-08,1.009891089,0
7036065.53917,28.329307,2.8329307235215518e-08,0.198019801,1
50613207.51952,30.795731,3.079573087755936e-08,1.485148514,0
100000000.0,34.001282,3.4001282309932404e-08,3.083247688,0
34281150.129545,29.834925,2.98349250260212e-08,0.990099009,1
126235294.117646,35.911774,3.5911773842808246e-08,4.0,1
34612903.225806,29.853992,2.985399192295741e-08,1.0,0
50613207.51952,30.795731,3.079573087755936e-08,1.485148514,0
66439628.45773,31.771763,3.177176344623955e-08,1.980198019,0
71755832.035094,32.11005,3.211004970473419e-08,2.15,0
59220767.055275,31.320897,3.132089730696943e-08,1.752475247,0
27601286.142372,29.454866,2.945486616620569e-08,0.792079207,0
34281150.129545,29.834925,2.98349250260212e-08,0.990099009,1
17418831.135929,28.889346,2.8889345891625006e-08,0.495049504,1
34281150.129545,29.834925,2.98349250260212e-08,0.990099009,0
47840764.33121,30.629388,3.062938800869834e-08,1.4,0
34281150.129545,29.834925,2.98349250260212e-08,0.990099009,0
66439628.45773,31.771763,3.177176344623955e-08,1.980198019,0
81783536.562398,32.763023,3.276302273206171e-08,2.475247524,0
34281150.129545,29.834925,2.98349250260212e-08,0.990099009,0
50613207.51952,30.795731,3.079573087755936e-08,1.485148514,0
7734600.25584,28.366473,2.836647260791279e-08,0.217821782,0
66439628.45773,31.771763,3.177176344623955e-08,1.980198019,0
66439628.45773,31.771763,3.177176344623955e-08,1.980198019,0
81783536.562398,32.763023,3.276302273206171e-08,2.475247524,0
67062499.999999,31.811121,3.1811121466293816e-08,2.0,0
19129659.628063,28.983219,2.8983218603742138e-08,0.544554455,0
50613207.51952,30.795731,3.079573087755936e-08,1.485148514,0
60168224.272876,31.379523,3.137952321271039e-08,1.782178217,0
35.408998,27.958995,2.795899532152841e-08,9.9e-07,1
11560235.054306,28.571318,2.8571317633414252e-08,0.326732673,0
5285714.268532,28.2365,2.8236500395183797e-08,0.148514851,1
3529605.227977,28.143846,2.814384582045034e-08,0.0990099,1
3529605.227977,28.143846,2.814384582045034e-08,0.0990099,1
2271766.728803,28.077761,2.807776066763085e-08,0.063651074,0
67062500.0,31.811121,3.181112146629388e-08,2.0,0
34281150.129545,29.834925,2.98349250260212e-08,0.990099009,0
50613207.51952,30.795731,3.079573087755936e-08,1.485148514,0
42185161.690278,30.294212,3.029421154162433e-08,1.227722772,0
66439628.45773,31.771763,3.177176344623955e-08,1.980198019,0
72633846.129529,32.16644,3.2166439954511366e-08,2.178217821,0
66439628.45773,31.771763,3.177176344623955e-08,1.980198019,0
66439628.45773,31.771763,3.177176344623955e-08,1.980198019,0
34281150.129545,29.834925,2.98349250260212e-08,0.990099009,1
67062499.999999,31.811121,3.1811121466293816e-08,2.0,0
34281150.129545,29.834925,2.98349250260212e-08,0.990099009,0
80659244.01736,32.688826,3.268882572789085e-08,2.438454035,0
79481481.481481,32.61137,3.26113699906803e-08,2.4,0
34281150.129545,29.834925,2.98349250260212e-08,0.990099009,1
30951923.046196,29.644591,2.9644591061770616e-08,0.891089108,0
96666666.645849,33.769509,3.376950873502591e-08,2.970297029,0
66439628.45773,31.771763,3.177176344623955e-08,1.980198019,0
34281150.129545,29.834925,2.98349250260212e-08,0.990099009,0
70196261.682242,32.010252,3.201025163094122e-08,2.1,0
66439628.45773,31.771763,3.177176344623955e-08,1.980198019,0
96666666.645849,33.769509,3.376950873502591e-08,2.970297029,0
34281150.129545,29.834925,2.98349250260212e-08,0.990099009,0
96666666.645849,33.769509,3.376950873502591e-08,2.970297029,0
67062500.0,31.811121,3.181112146629388e-08,2.0,0
66439628.45773,31.771763,3.177176344623955e-08,1.980198019,0
34281150.129545,29.834925,2.98349250260212e-08,0.990099009,0
60168224.272876,31.379523,3.137952321271039e-08,1.782178217,0
51993368.717697,30.879044,3.087904434215446e-08,1.527709041,0
67062500.0,31.811121,3.181112146629388e-08,2.0,0
81783536.562398,32.763023,3.276302273206171e-08,2.475247524,0
96666666.645849,33.769509,3.376950873502591e-08,2.970297029,0
50000000.0,30.758823,3.07588227368759e-08,1.46627566,0
96666666.645849,33.769509,3.376950873502591e-08,2.970297029,0
50613207.51952,30.795731,3.079573087755936e-08,1.485148514,0
50613207.51952,30.795731,3.079573087755936e-08,1.485148514,0
67062499.999999,31.811121,3.1811121466293816e-08,2.0,0
66439628.45773,31.771763,3.177176344623955e-08,1.980198019,0
34281150.129545,29.834925,2.98349250260212e-08,0.990099009,0
2120553.33852,28.069832,2.8069831794523365e-08,0.05940594,1
224125326.366102,44.671838,4.467183820747892e-08,7.920792079,0
52714738.510301,30.922724,3.0922724448586514e-08,1.55,0
1767710.031775,28.051344,2.8051343514758427e-08,0.04950495,1
38248249.519633,30.06413,3.006412975533328e-08,1.108910891,0
50000000.0,30.758823,3.07588227368759e-08,1.46627566,0
81783536.562398,32.763023,3.276302273206171e-08,2.475247524,0
6062819.245523,28.277648,2.8277647552468975e-08,0.170473558,0
96666666.645849,33.769509,3.376950873502591e-08,2.970297029,0
66439628.45773,31.771763,3.177176344623955e-08,1.980198019,1
96953911.461491,33.789388,3.37893880086983e-08,2.98,0
66439628.45773,31.771763,3.177176344623955e-08,1.980198019,0
34281150.129545,29.834925,2.98349250260212e-08,0.990099009,1
66439628.45773,31.771763,3.177176344623955e-08,1.980198019,0
44142405.034639,30.409581,3.040958133088704e-08,1.287128712,0
50291601.107981,30.776366,3.0776365538896136e-08,1.475247524,0
81783536.562398,32.763023,3.276302273206171e-08,2.475247524,0
26170736.365853,29.374418,2.9374417782409736e-08,0.750000137,0
96666666.645849,33.769509,3.376950873502591e-08,2.970297029,0
51095238.095238,30.82479,3.082479030754892e-08,1.5,0
46523681.681296,30.550837,3.055083665092732e-08,1.359710327,0
34281150.129545,29.834925,2.98349250260212e-08,0.990099009,0
34281150.129545,29.834925,2.98349250260212e-08,0.990099009,0
48095867.702576,30.644637,3.064463749852999e-08,1.407815605,0
97545454.545454,33.830382,3.3830382106244145e-08,3.0,0
75169869.807811,32.330152,3.2330152221186674e-08,2.26,0
34281150.129545,29.834925,2.98349250260212e-08,0.990099009,1
34281150.129545,29.834925,2.98349250260212e-08,0.990099009,0
88596330.275229,33.21808,3.321808014911461e-08,2.7,0
97545454.545454,33.830382,3.3830382106244145e-08,3.0,0
50000000.0,30.758823,3.07588227368759e-08,1.46627566,0
97545454.545454,33.830382,3.3830382106244145e-08,3.0,0
50613207.51952,30.795731,3.079573087755936e-08,1.485148514,1
40876190.447028,30.21742,3.021742016057939e-08,1.188118811,0
34281150.129545,29.834925,2.98349250260212e-08,0.990099009,1
34281150.129545,29.834925,2.98349250260212e-08,0.990099009,0
40876190.447028,30.21742,3.021742016057939e-08,1.188118811,1
66439628.45773,31.771763,3.177176344623955e-08,1.980198019,0
55400608.020435,31.086176,3.1086175824518604e-08,1.633273618,0
34281150.129545,29.834925,2.98349250260212e-08,0.990099009,0
66439628.45773,31.771763,3.177176344623955e-08,1.980198019,0
97545454.545454,33.830382,3.3830382106244145e-08,3.0,0
59852602.033667,31.359975,3.135997515344333e-08,1.772277227,0
96666666.645849,33.769509,3.376950873502591e-08,2.970297029,0
10519607.80911,28.515378,2.851537771866636e-08,0.297029702,0
3529605.227977,28.143846,2.814384582045034e-08,0.0990099,0
51059991.838552,30.822664,3.082266407758031e-08,1.498913579,0
27601286.142372,29.454866,2.945486616620569e-08,0.792079207,0
51095247.190476,30.824791,3.082479085624742e-08,1.50000028,1
34281150.129545,29.834925,2.98349250260212e-08,0.990099009,0
34612903.225806,29.853992,2.985399192295741e-08,1.0,0
66439628.45773,31.771763,3.177176344623955e-08,1.980198019,0
74278264.538707,32.272453,3.2272452731904267e-08,2.2312,0
57003124.97333,31.184317,3.1184316698974405e-08,1.683168316,0
82538461.538461,32.812985,3.281298539919226e-08,2.5,0
40876190.447028,30.21742,3.021742016057939e-08,1.188118811,1
34281150.129545,29.834925,2.98349250260212e-08,0.990099009,0
75702453.963868,32.364692,3.236469181167582e-08,2.277227722,0
32619199.98635,29.739682,2.973968191127138e-08,0.940594059,0
17418831.135929,28.889346,2.8889345891625006e-08,0.495049504,1
97545454.545454,33.830382,3.3830382106244145e-08,3.0,0
27870129.870129,29.470022,2.9470021745883762e-08,0.8,0
34281150.129545,29.834925,2.98349250260212e-08,0.990099009,0
40876190.447028,30.21742,3.021742016057939e-08,1.188118811,0
66439628.45773,31.771763,3.177176344623955e-08,1.980198019,0
66439628.45773,31.771763,3.177176344623955e-08,1.980198019,0
66439628.45773,31.771763,3.177176344623955e-08,1.980198019,0
37951768.488745,30.046909,3.00469089779434e-08,1.1,0
97545454.545454,33.830382,3.3830382106244145e-08,3.0,0
97545454.545454,33.830382,3.3830382106244145e-08,3.0,0
354008.574488,27.977451,2.7977451302566102e-08,0.00990099,1
85576687.116564,33.015222,3.301522211867037e-08,2.6,0
66439628.45773,31.771763,3.177176344623955e-08,1.980198019,0
97545454.545454,33.830382,3.3830382106244145e-08,3.0,0
59852602.033667,31.359975,3.135997515344333e-08,1.772277227,0
66439628.45773,31.771763,3.177176344623955e-08,1.980198019,0
4232741.610681,28.180889,2.8180889379405586e-08,0.118811881,0
77087664.78884,32.454786,3.245478628713524e-08,2.322122,1
69546296.271519,31.968797,3.19687971660326e-08,2.07920792,0
1767710.031775,28.051344,2.8051343514758427e-08,0.04950495,1
96666666.645849,33.769509,3.376950873502591e-08,2.970297029,1
40607440.667094,30.20169,3.020168996582788e-08,1.18,1
48675435.202835,30.679325,3.067932505965317e-08,1.42558629,1
5285714.268532,28.2365,2.8236500395183797e-08,0.148514851,0
50613207.51952,30.795731,3.079573087755936e-08,1.485148514,0
34281150.129545,29.834925,2.98349250260212e-08,0.990099009,0
67062500.0,31.811121,3.181112146629388e-08,2.0,0
303915.361545,27.974838,2.7974838358000886e-08,0.008499575,1
50613207.51952,30.795731,3.079573087755936e-08,1.485148514,0
42511885.882992,30.313425,3.031342461311793e-08,1.237623762,0
34612903.225806,29.853992,2.985399192295741e-08,1.0,0
20834951.423962,29.077244,2.9077243581132898e-08,0.594059405,0
37589171.944844,30.025868,3.002586805895743e-08,1.08910891,1
96666666.645849,33.769509,3.376950873502591e-08,2.970297029,0
3529605.227977,28.143846,2.814384582045034e-08,0.0990099,0
354008.574488,27.977451,2.7977451302566102e-08,0.00990099,1
97545454.545454,33.830382,3.3830382106244145e-08,3.0,0
96666666.645849,33.769509,3.376950873502591e-08,2.970297029,0
27601286.142372,29.454866,2.945486616620569e-08,0.792079207,1
67791276.324664,31.857264,3.1857264313140686e-08,2.0232,0
96666666.645849,33.769509,3.376950873502591e-08,2.970297029,0
20834951.423962,29.077244,2.9077243581132898e-08,0.594059405,0
66439628.45773,31.771763,3.177176344623955e-08,1.980198019,0
51221654.523259,30.832418,3.083241818684355e-08,1.503897242,0
34281150.129545,29.834925,2.98349250260212e-08,0.990099009,1
66439628.45773,31.771763,3.177176344623955e-08,1.980198019,0
32619199.98635,29.739682,2.973968191127138e-08,0.940594059,0
10519607.80911,28.515378,2.851537771866636e-08,0.297029702,1
66439628.45773,31.771763,3.177176344623955e-08,1.980198019,0
50613207.51952,30.795731,3.079573087755936e-08,1.485148514,0
66439628.45773,31.771763,3.177176344623955e-08,1.980198019,0
66439628.45773,31.771763,3.177176344623955e-08,1.980198019,0
37589171.944844,30.025868,3.002586805895743e-08,1.08910891,1
12079784.615905,28.599308,2.859930814591477e-08,0.341584158,1
50613207.51952,30.795731,3.079573087755936e-08,1.485148514,0
69546296.271519,31.968797,3.19687971660326e-08,2.07920792,0
34281150.129545,29.834925,2.98349250260212e-08,0.990099009,0
33567221.645829,29.793955,2.979395520414099e-08,0.968813636,0
66439628.45773,31.771763,3.177176344623955e-08,1.980198019,0
66439628.45773,31.771763,3.177176344623955e-08,1.980198019,0
60168224.272876,31.379523,3.137952321271039e-08,1.782178217,0
94431845.354765,33.615442,3.361544150900838e-08,2.895000565,1
12252854.796132,28.608641,2.860864136209163e-08,0.346534653,1
707783.634087,27.995915,2.7995915219584048e-08,0.01980198,1
12252854.796132,28.608641,2.860864136209163e-08,0.346534653,0
81783536.562398,32.763023,3.276302273206171e-08,2.475247524,0
34281150.129545,29.834925,2.98349250260212e-08,0.990099009,0
34612903.225806,29.853992,2.985399192295741e-08,1.0,1
34281150.129545,29.834925,2.98349250260212e-08,0.990099009,0
34612903.225806,29.853992,2.985399192295741e-08,1.0,0
34281150.129545,29.834925,2.98349250260212e-08,0.990099009,0
111109467.436838,34.791221,3.479122145513215e-08,3.465346534,0
34281150.129545,29.834925,2.98349250260212e-08,0.990099009,1
34281150.129545,29.834925,2.98349250260212e-08,0.990099009,0
66439628.45773,31.771763,3.177176344623955e-08,1.980198019,0
7036065.53917,28.329307,2.8329307235215518e-08,0.198019801,0
34281150.129545,29.834925,2.98349250260212e-08,0.990099009,0
37102311.89971,29.997651,2.9997651063385255e-08,1.074497385,1
50613207.51952,30.795731,3.079573087755936e-08,1.485148514,0
97545454.545454,33.830382,3.3830382106244145e-08,3.0,0
96666666.645849,33.769509,3.376950873502591e-08,2.970297029,0
97545454.545454,33.830382,3.3830382106244145e-08,3.0,0
57003124.97333,31.184317,3.1184316698974405e-08,1.683168316,0
72633846.129529,32.16644,3.2166439954511366e-08,2.178217821,0
67062499.999999,31.811121,3.1811121466293816e-08,2.0,0
707783.634087,27.995915,2.7995915219584048e-08,0.01980198,0
31252427.184466,29.661696,2.9661696178937557e-08,0.9,0
30280572.183783,29.60643,2.9606430240447347e-08,0.8712,0
178833333.333332,40.260951,4.026095060577808e-08,6.0,1
66439628.45773,31.771763,3.177176344623955e-08,1.980198019,0
67062500.0,31.811121,3.181112146629388e-08,2.0,0
50613207.51952,30.795731,3.079573087755936e-08,1.485148514,0
96666666.645849,33.769509,3.376950873502591e-08,2.970297029,0
38028723.927733,30.051377,3.005137742859279e-08,1.102312445,0
35411.372207,27.960839,2.7960838984787036e-08,0.000990099,1
51062560.201911,30.822819,3.0822819006634554e-08,1.498992743,0
40876190.447028,30.21742,3.021742016057939e-08,1.188118811,1
31191740.507941,29.658241,2.9658240615369887e-08,0.898200035,0
50613207.51952,30.795731,3.079573087755936e-08,1.485148514,0
27601286.142372,29.454866,2.945486616620569e-08,0.792079207,0
30280572.183783,29.60643,2.9606430240447347e-08,0.8712,0
30951923.046196,29.644591,2.9644591061770616e-08,0.891089108,0
70883694.736507,32.054184,3.205418356260945e-08,2.12202,0
50613207.51952,30.795731,3.079573087755936e-08,1.485148514,0
96666666.645849,33.769509,3.376950873502591e-08,2.970297029,0
14118421.052631,28.709537,2.8709537123330196e-08,0.4,0
7036065.53917,28.329307,2.8329307235215518e-08,0.198019801,1
50613207.51952,30.795731,3.079573087755936e-08,1.485148514,0
97545454.545454,33.830382,3.3830382106244145e-08,3.0,0
66439628.45773,31.771763,3.177176344623955e-08,1.980198019,0
50613207.51952,30.795731,3.079573087755936e-08,1.485148514,0
44142405.034639,30.409581,3.040958133088704e-08,1.287128712,0
35411.372207,27.960839,2.7960838984787036e-08,0.000990099,1
1061325.409773,28.014385,2.8014385227288803e-08,0.02970297,1
34579406.218563,29.852066,2.9852065914824434e-08,0.999000013,0
96373385.383125,33.74923,3.3749229793343437e-08,2.960396039,0
111109467.436838,34.791221,3.479122145513215e-08,3.465346534,0
66439628.45773,31.771763,3.177176344623955e-08,1.980198019,0
34281150.129545,29.834925,2.98349250260212e-08,0.990099009,0
66439628.45773,31.771763,3.177176344623955e-08,1.980198019,0
34281150.129545,29.834925,2.98349250260212e-08,0.990099009,0
34281150.129545,29.834925,2.98349250260212e-08,0.990099009,0
67062499.999999,31.811121,3.1811121466293816e-08,2.0,0
66439628.45773,31.771763,3.177176344623955e-08,1.980198019,1
151983002.819554,37.94772,3.794771991830293e-08,4.950495049,0
50613207.51952,30.795731,3.079573087755936e-08,1.485148514,1
66439628.45773,31.771763,3.177176344623955e-08,1.980198019,1
67062499.999999,31.811121,3.1811121466293816e-08,2.0,0
82538461.538461,32.812985,3.281298539919226e-08,2.5,0
34281150.129545,29.834925,2.98349250260212e-08,0.990099009,0
66439628.45773,31.771763,3.177176344623955e-08,1.980198019,0
27601286.142372,29.454866,2.945486616620569e-08,0.792079207,0
96666666.645849,33.769509,3.376950873502591e-08,2.970297029,0
66439628.45773,31.771763,3.177176344623955e-08,1.980198019,0
50613207.51952,30.795731,3.079573087755936e-08,1.485148514,1
34281150.129545,29.834925,2.98349250260212e-08,0.990099009,0
34281150.129545,29.834925,2.98349250260212e-08,0.990099009,0
679113.890117,27.994418,2.7994418232996834e-08,0.018999366,1
40876190.447028,30.21742,3.021742016057939e-08,1.188118811,0
75702453.963868,32.364692,3.236469181167582e-08,2.277227722,1
96666666.645849,33.769509,3.376950873502591e-08,2.970297029,0
66439628.45773,31.771763,3.177176344623955e-08,1.980198019,0
57003124.97333,31.184317,3.1184316698974405e-08,1.683168316,0
1767710.031775,28.051344,2.8051343514758427e-08,0.04950495,1
51093186.473979,30.824667,3.082466653749322e-08,1.499936759,0
48447681.357448,30.665687,3.0665686795406465e-08,1.418600509,0
96666666.645849,33.769509,3.376950873502591e-08,2.970297029,0
96666666.645849,33.769509,3.376950873502591e-08,2.970297029,0
151983002.819554,37.94772,3.794771991830293e-08,4.950495049,0
64225321.215919,31.632436,3.163243553898721e-08,1.91,0
97545454.545454,33.830382,3.3830382106244145e-08,3.0,0
66439628.45773,31.771763,3.177176344623955e-08,1.980198019,0
1025981.723404,28.012538,2.8012537952437425e-08,0.028712871,1
67062499.999999,31.811121,3.1811121466293816e-08,2.0,0
67062499.999999,31.811121,3.1811121466293816e-08,2.0,0
50613207.51952,30.795731,3.079573087755936e-08,1.485148514,0
66439628.45773,31.771763,3.177176344623955e-08,1.980198019,0
82538461.538461,32.812985,3.281298539919226e-08,2.5,0
40876190.447028,30.21742,3.021742016057939e-08,1.188118811,1
44142405.034639,30.409581,3.040958133088704e-08,1.287128712,0
60168224.272876,31.379523,3.137952321271039e-08,1.782178217,0
30280572.183783,29.60643,2.9606430240447347e-08,0.8712,0
50613207.51952,30.795731,3.079573087755936e-08,1.485148514,0
30951923.046196,29.644591,2.9644591061770616e-08,0.891089108,0
97545454.545454,33.830382,3.3830382106244145e-08,3.0,0
67062499.999999,31.811121,3.1811121466293816e-08,2.0,0
72633846.129529,32.16644,3.2166439954511366e-08,2.178217821,0
57003124.97333,31.184317,3.1184316698974405e-08,1.683168316,1
125131195.318419,35.828161,3.582816089238039e-08,3.960396039,0
125131195.318419,35.828161,3.582816089238039e-08,3.960396039,0
51095247.190476,30.824791,3.082479085624742e-08,1.50000028,1
66439628.45773,31.771763,3.177176344623955e-08,1.980198019,0
3177689.997932,28.125333,2.812533317793852e-08,0.08910891,1
34281150.129545,29.834925,2.98349250260212e-08,0.990099009,1
82538461.538461,32.812985,3.281298539919226e-08,2.5,0
50613207.51952,30.795731,3.079573087755936e-08,1.485148514,0
17418831.135929,28.889346,2.8889345891625006e-08,0.495049504,1
50613207.51952,30.795731,3.079573087755936e-08,1.485148514,0
354008.574488,27.977451,2.7977451302566102e-08,0.00990099,1
45767772.499839,30.50589,3.0505890317771464e-08,1.336633663,0
34281150.129545,29.834925,2.98349250260212e-08,0.990099009,0
7082.432818,27.959363,2.795936257158159e-08,0.000198019,1
7082.432818,27.959363,2.795936257158159e-08,0.000198019,1
7082.432818,27.959363,2.795936257158159e-08,0.000198019,1
7082.432818,27.959363,2.795936257158159e-08,0.000198019,1
50613207.51952,30.795731,3.079573087755936e-08,1.485148514,0
3529605.227977,28.143846,2.814384582045034e-08,0.0990099,1
75702453.963868,32.364692,3.236469181167582e-08,2.277227722,0
66439628.45773,31.771763,3.177176344623955e-08,1.980198019,0
44142405.034639,30.409581,3.040958133088704e-08,1.287128712,0
145171.741803,27.96656,2.7966560446684317e-08,0.004059405,1
53818181.791024,30.989719,3.0989719253923995e-08,1.584158415,0
55008056.273698,31.062206,3.106220592989451e-08,1.621075391,0
30951923.046196,29.644591,2.9644591061770616e-08,0.891089108,1
50613207.51952,30.795731,3.079573087755936e-08,1.485148514,0
3868305.653938,28.161681,2.8161680559682673e-08,0.108545252,1
50613207.51952,30.795731,3.079573087755936e-08,1.485148514,0
707783.634087,27.995915,2.7995915219584048e-08,0.01980198,1
67062499.999999,31.811121,3.1811121466293816e-08,2.0,0
34281150.129545,29.834925,2.98349250260212e-08,0.990099009,0
66439628.45773,31.771763,3.177176344623955e-08,1.980198019,0
67062499.999999,31.811121,3.1811121466293816e-08,2.0,0
50613207.51952,30.795731,3.079573087755936e-08,1.485148514,0
67062499.999999,31.811121,3.1811121466293816e-08,2.0,0
39235294.104827,30.121568,3.012156797715005e-08,1.138613861,0
34612903.225806,29.853992,2.985399192295741e-08,1.0,0
55938388.625592,31.119059,3.111905871388628e-08,1.65,1
17418831.135929,28.889346,2.8889345891625006e-08,0.495049504,1
29927533.922595,29.586392,2.9586392449850986e-08,0.860751335,1
40876190.447028,30.21742,3.021742016057939e-08,1.188118811,0
67062499.999999,31.811121,3.1811121466293816e-08,2.0,0
66439628.45773,31.771763,3.177176344623955e-08,1.980198019,1
96666666.645849,33.769509,3.376950873502591e-08,2.970297029,0
66439628.45773,31.771763,3.177176344623955e-08,1.980198019,0
30280572.183783,29.60643,2.9606430240447347e-08,0.8712,0
56049734.108565,31.125874,3.112587351383726e-08,1.653465346,0
10519607.80911,28.515378,2.851537771866636e-08,0.297029702,0
34281150.129545,29.834925,2.98349250260212e-08,0.990099009,0
57542586.750788,31.217459,3.121745883814845e-08,1.7,0
67062499.999999,31.811121,3.1811121466293816e-08,2.0,0
96666666.645849,33.769509,3.376950873502591e-08,2.970297029,0
30280572.183783,29.60643,2.9606430240447347e-08,0.8712,0
9570862.239841,28.46452,2.8464520037278634e-08,0.27,1
60168224.272876,31.379523,3.137952321271039e-08,1.782178217,0
66439628.45773,31.771763,3.177176344623955e-08,1.980198019,0
34281150.129545,29.834925,2.98349250260212e-08,0.990099009,0
1414634.132213,28.032861,2.8032861325680223e-08,0.03960396,0
50000000.0,30.758823,3.07588227368759e-08,1.46627566,1
13280122.384524,28.664133,2.866413333692951e-08,0.375951872,1
34281150.129545,29.834925,2.98349250260212e-08,0.990099009,0
34281150.129545,29.834925,2.98349250260212e-08,0.990099009,0
66439628.45773,31.771763,3.177176344623955e-08,1.980198019,0
66439628.45773,31.771763,3.177176344623955e-08,1.980198019,0
0.321899,27.958993,2.79589934930102e-08,9e-09,1
67062499.999999,31.811121,3.1811121466293816e-08,2.0,0
66439628.45773,31.771763,3.177176344623955e-08,1.980198019,0
66439628.45773,31.771763,3.177176344623955e-08,1.980198019,1
66439628.45773,31.771763,3.177176344623955e-08,1.980198019,1
66439628.45773,31.771763,3.177176344623955e-08,1.980198019,1
96666666.645849,33.769509,3.376950873502591e-08,2.970297029,0
24229032.226263,29.26575,2.9265750339326476e-08,0.693069306,0
45195395.898546,30.471923,3.0471922779894924e-08,1.319182529,0
96666666.645849,33.769509,3.376950873502591e-08,2.970297029,0
126235294.117648,35.911774,3.59117738428084e-08,4.0,0
49999999.973209,30.758823,3.075882273526484e-08,1.466275659,0
13980455.992597,28.702057,2.870205727080283e-08,0.396039603,0
66439628.45773,31.771763,3.177176344623955e-08,1.980198019,0
111109467.436838,34.791221,3.479122145513215e-08,3.465346534,0
66439628.45773,31.771763,3.177176344623955e-08,1.980198019,0
67062499.999999,31.811121,3.1811121466293816e-08,2.0,1
29279293.725895,29.549652,2.954965248136055e-08,0.841584158,1
151983002.819554,37.94772,3.794771991830293e-08,4.950495049,0
151983002.819554,37.94772,3.794771991830293e-08,4.950495049,0
34281150.129545,29.834925,2.98349250260212e-08,0.990099009,0
70196261.682243,32.010252,3.201025163094129e-08,2.1,0
81783536.562398,32.763023,3.276302273206171e-08,2.475247524,0
50613207.51952,30.795731,3.079573087755936e-08,1.485148514,0
66439628.45773,31.771763,3.177176344623955e-08,1.980198019,0
707783.634087,27.995915,2.7995915219584048e-08,0.01980198,1
37589171.944844,30.025868,3.002586805895743e-08,1.08910891,0
34281150.129545,29.834925,2.98349250260212e-08,0.990099009,0
76619368.676992,32.424286,3.242428613862395e-08,2.306930693,0
66439628.45773,31.771763,3.177176344623955e-08,1.980198019,0
29614249.019815,29.568628,2.9568628016069097e-08,0.851485148,0
100000000.0,34.001282,3.4001282309932404e-08,3.083247688,0
66439628.45773,31.771763,3.177176344623955e-08,1.980198019,0
50613207.51952,30.795731,3.079573087755936e-08,1.485148514,1
1591201.170468,28.042102,2.8042101658883487e-08,0.044554455,0
66439628.45773,31.771763,3.177176344623955e-08,1.980198019,0
66439628.45773,31.771763,3.177176344623955e-08,1.980198019,1
7036065.53917,28.329307,2.8329307235215518e-08,0.198019801,0
8780687.380987,28.422266,2.8422266344294862e-08,0.247524752,0
81783536.562398,32.763023,3.276302273206171e-08,2.475247524,0
34281150.129545,29.834925,2.98349250260212e-08,0.990099009,0
6929458.519622,28.323642,2.8323641658900253e-08,0.195,0
66439628.45773,31.771763,3.177176344623955e-08,1.980198019,1
60168224.272876,31.379523,3.137952321271039e-08,1.782178217,0
21039215.686274,29.088537,2.9088536812674718e-08,0.6,0
112104475.239073,34.863311,3.4863311415264284e-08,3.499999917,0
96666666.645849,33.769509,3.376950873502591e-08,2.970297029,0
50613207.51952,30.795731,3.079573087755936e-08,1.485148514,0
96666666.645849,33.769509,3.376950873502591e-08,2.970297029,0
66439628.45773,31.771763,3.177176344623955e-08,1.980198019,0
81783536.562398,32.763023,3.276302273206171e-08,2.475247524,0
35937799.02983,29.93032,2.993032040986789e-08,1.03960396,0
97545471.90909,33.830383,3.383038331064358e-08,3.000000587,0
57542586.750788,31.217459,3.121745883814845e-08,1.7,0
3529605.227977,28.143846,2.814384582045034e-08,0.0990099,0
96666666.645849,33.769509,3.376950873502591e-08,2.970297029,0
66439628.45773,31.771763,3.177176344623955e-08,1.980198019,0
97545454.545454,33.830382,3.3830382106244145e-08,3.0,0
66439628.45773,31.771763,3.177176344623955e-08,1.980198019,0
45118242.169625,30.467348,3.0467348451735055e-08,1.316831683,0
61372093.023255,31.454253,3.145425287356317e-08,1.82,0
96666666.645849,33.769509,3.376950873502591e-08,2.970297029,0
34281150.129545,29.834925,2.98349250260212e-08,0.990099009,1
10519607.80911,28.515378,2.851537771866636e-08,0.297029702,1
33542633.996312,29.792546,2.9792545709748816e-08,0.96808109,0
97545454.545454,33.830382,3.3830382106244145e-08,3.0,0
44142405.034639,30.409581,3.040958133088704e-08,1.287128712,0
50613207.51952,30.795731,3.079573087755936e-08,1.485148514,0
50613207.51952,30.795731,3.079573087755936e-08,1.485148514,1
87407289.528192,33.137978,3.3137978449906786e-08,2.66055,0
96666666.645849,33.769509,3.376950873502591e-08,2.970297029,0
35.408998,27.958995,2.795899532152841e-08,9.9e-07,1
20017100.636493,29.032093,2.903209258904271e-08,0.570297029,1
126235294.117647,35.911774,3.5911773842808325e-08,4.0,0
66439628.45773,31.771763,3.177176344623955e-08,1.980198019,0
30280572.183783,29.60643,2.9606430240447347e-08,0.8712,0
66439628.45773,31.771763,3.177176344623955e-08,1.980198019,0
708.215299,27.95903,2.7959030383982344e-08,1.9801e-05,1
27601286.142372,29.454866,2.945486616620569e-08,0.792079207,0
32619199.98635,29.739682,2.973968191127138e-08,0.940594059,1
66439628.45773,31.771763,3.177176344623955e-08,1.980198019,0
34281150.129545,29.834925,2.98349250260212e-08,0.990099009,0
25580541.225977,29.341324,2.9341323582981512e-08,0.732673267,0
53818181.791024,30.989719,3.0989719253923995e-08,1.584158415,1
67062499.999999,31.811121,3.1811121466293816e-08,2.0,0
37589171.944844,30.025868,3.002586805895743e-08,1.08910891,0
17418831.135929,28.889346,2.8889345891625006e-08,0.495049504,0
112104475.239073,34.863311,3.4863311415264284e-08,3.499999917,0
97545471.90909,33.830383,3.383038331064358e-08,3.000000587,1
51093186.473979,30.824667,3.082466653749322e-08,1.499936759,0
17418831.135929,28.889346,2.8889345891625006e-08,0.495049504,0
96666666.645849,33.769509,3.376950873502591e-08,2.970297029,0
35.408998,27.958995,2.795899532152841e-08,9.9e-07,0
66439628.45773,31.771763,3.177176344623955e-08,1.980198019,0
66439628.45773,31.771763,3.177176344623955e-08,1.980198019,0
13980455.992597,28.702057,2.870205727080283e-08,0.396039603,1
96666666.645849,33.769509,3.376950873502591e-08,2.970297029,0
97545454.545454,33.830382,3.3830382106244145e-08,3.0,0
81783536.562398,32.763023,3.276302273206171e-08,2.475247524,0
51576814.321293,30.853863,3.0853863439627363e-08,1.514851485,0
34281150.129545,29.834925,2.98349250260212e-08,0.990099009,0
34281150.129545,29.834925,2.98349250260212e-08,0.990099009,0
32767329.132331,29.748152,2.9748152376514412e-08,0.945,0
66439628.45773,31.771763,3.177176344623955e-08,1.980198019,0
66439628.45773,31.771763,3.177176344623955e-08,1.980198019,0
30280572.183783,29.60643,2.9606430240447347e-08,0.8712,0
96595442.499022,33.764582,3.3764582259200424e-08,2.967892,0
66439628.45773,31.771763,3.177176344623955e-08,1.980198019,0
7036065.53917,28.329307,2.8329307235215518e-08,0.198019801,1
66439628.45773,31.771763,3.177176344623955e-08,1.980198019,0
37589171.944844,30.025868,3.002586805895743e-08,1.08910891,1
65172824.045084,31.691942,3.169194159676915e-08,1.94,1
96666666.645849,33.769509,3.376950873502591e-08,2.970297029,1
49647780.907363,30.737653,3.073765313362999e-08,1.455445544,1
55938388.625592,31.119059,3.111905871388628e-08,1.65,0
34281150.129545,29.834925,2.98349250260212e-08,0.990099009,1
66439628.45773,31.771763,3.177176344623955e-08,1.980198019,0
66439628.45773,31.771763,3.177176344623955e-08,1.980198019,0
10000000.0,28.487507,2.8487507179400498e-08,0.282220132,1
5692307.692307,28.258018,2.825801801801798e-08,0.16,1
96666666.645849,33.769509,3.376950873502591e-08,2.970297029,0
66439628.45773,31.771763,3.177176344623955e-08,1.980198019,0
63909090.90909,31.612613,3.161261261261256e-08,1.9,0
97545454.545454,33.830382,3.3830382106244145e-08,3.0,0
34277831.558568,29.834734,2.9834734389562016e-08,0.99,0
3132134.9254,28.122938,2.8122938070361548e-08,0.087827713,0
66439628.45773,31.771763,3.177176344623955e-08,1.980198019,0
34281150.129545,29.834925,2.98349250260212e-08,0.990099009,1
84796352.561059,32.963102,3.296310179528323e-08,2.574257425,0
54329113.90364,31.020814,3.1020813916122546e-08,1.599999999,0
24229032.226263,29.26575,2.9265750339326476e-08,0.693069306,1
44142405.034639,30.409581,3.040958133088704e-08,1.287128712,0
34281150.129545,29.834925,2.98349250260212e-08,0.990099009,0
52714738.510301,30.922724,3.0922724448586514e-08,1.55,0
29614249.019815,29.568628,2.9568628016069097e-08,0.851485148,0
60168224.272876,31.379523,3.137952321271039e-08,1.782178217,0
78752293.554569,32.563553,3.2563552737525916e-08,2.376237623,0
40548428.046502,30.198238,3.019823754252007e-08,1.178217821,0
54329113.90364,31.020814,3.1020813916122546e-08,1.599999999,0
44142405.034639,30.409581,3.040958133088704e-08,1.287128712,0
100000000.0,34.001282,3.4001282309932404e-08,3.083247688,0
66439628.45773,31.771763,3.177176344623955e-08,1.980198019,0
34281150.129545,29.834925,2.98349250260212e-08,0.990099009,1
3529605.227977,28.143846,2.814384582045034e-08,0.0990099,0
54329113.92405,31.020814,3.10208139173656e-08,1.6,0
97545454.545454,33.830382,3.3830382106244145e-08,3.0,1
34281150.129545,29.834925,2.98349250260212e-08,0.990099009,0
20834951.423962,29.077244,2.9077243581132898e-08,0.594059405,0
96666666.645849,33.769509,3.376950873502591e-08,2.970297029,0
1767710.031775,28.051344,2.8051343514758427e-08,0.04950495,1
112104475.239073,34.863311,3.4863311415264284e-08,3.499999917,0
37682512.504364,30.031282,3.0031282354951085e-08,1.091911794,0
34947758.787487,29.873256,2.987325566946251e-08,1.01,0
66439628.45773,31.771763,3.177176344623955e-08,1.980198019,0
82538461.538461,32.812985,3.281298539919226e-08,2.5,0
60168224.272876,31.379523,3.137952321271039e-08,1.782178217,1
66439628.45773,31.771763,3.177176344623955e-08,1.980198019,0
49969792.300969,30.757006,3.075700629091971e-08,1.465346534,0
63909090.90909,31.612613,3.161261261261256e-08,1.9,0
51095238.095238,30.82479,3.082479030754892e-08,1.5,0
153285714.285714,38.055297,3.805529667598631e-08,5.0,0
66439628.45773,31.771763,3.177176344623955e-08,1.980198019,0
66439628.45773,31.771763,3.177176344623955e-08,1.980198019,0
66439628.45773,31.771763,3.177176344623955e-08,1.980198019,0
354008.574488,27.977451,2.7977451302566102e-08,0.00990099,1
100000000.0,34.001282,3.4001282309932404e-08,3.083247688,0
78253399.258343,32.530898,3.253089779434603e-08,2.36,0
66439628.45773,31.771763,3.177176344623955e-08,1.980198019,0
125131195.318419,35.828161,3.582816089238039e-08,3.960396039,0
41596535.749535,30.259643,3.025964336146635e-08,1.20990099,1
118732315.811126,35.349278,3.534927759360591e-08,3.732673267,0
34281150.129545,29.834925,2.98349250260212e-08,0.990099009,0
29948989.392149,29.58761,2.958760964146434e-08,0.861386138,1
97545454.545454,33.830382,3.3830382106244145e-08,3.0,0
97545454.545454,33.830382,3.3830382106244145e-08,3.0,0
354.089883,27.959012,2.7959011929173586e-08,9.9e-06,0
84970534.069981,32.974725,3.297472506989744e-08,2.58,0
34281150.129545,29.834925,2.98349250260212e-08,0.990099009,0
66439628.45773,31.771763,3.177176344623955e-08,1.980198019,0
87790909.068816,33.16379,3.316378992719037e-08,2.673267326,0
97545454.545454,33.830382,3.3830382106244145e-08,3.0,1
97545454.545454,33.830382,3.3830382106244145e-08,3.0,1
66439628.45773,31.771763,3.177176344623955e-08,1.980198019,0
34612903.225806,29.853992,2.985399192295741e-08,1.0,1
27601286.142372,29.454866,2.945486616620569e-08,0.792079207,0
96666666.645849,33.769509,3.376950873502591e-08,2.970297029,0
97545454.545454,33.830382,3.3830382106244145e-08,3.0,0
34281150.129545,29.834925,2.98349250260212e-08,0.990099009,0
39563890.638703,30.140726,3.014072623246245e-08,1.148514851,0
40876190.447028,30.21742,3.021742016057939e-08,1.188118811,0
4232741.610681,28.180889,2.8180889379405586e-08,0.118811881,0
3353676.558112,28.134589,2.8134588737858584e-08,0.094059405,0
81783536.562398,32.763023,3.276302273206171e-08,2.475247524,0
41596535.749535,30.259643,3.025964336146635e-08,1.20990099,1
66439628.45773,31.771763,3.177176344623955e-08,1.980198019,0
7036065.53917,28.329307,2.8329307235215518e-08,0.198019801,1
96666666.645849,33.769509,3.376950873502591e-08,2.970297029,0
35.408998,27.958995,2.795899532152841e-08,9.9e-07,1
96666666.645849,33.769509,3.376950873502591e-08,2.970297029,1
66439628.45773,31.771763,3.177176344623955e-08,1.980198019,0
37589171.944844,30.025868,3.002586805895743e-08,1.08910891,0
27601286.142372,29.454866,2.945486616620569e-08,0.792079207,0
49470588.235294,30.727011,3.0727011494252865e-08,1.45,0
50613207.51952,30.795731,3.079573087755936e-08,1.485148514,0
50613207.51952,30.795731,3.079573087755936e-08,1.485148514,0
51095238.095238,30.82479,3.082479030754892e-08,1.5,0
66439628.45773,31.771763,3.177176344623955e-08,1.980198019,0
97545454.545454,33.830382,3.3830382106244145e-08,3.0,0
17418831.135929,28.889346,2.8889345891625006e-08,0.495049504,0
35411.372207,27.960839,2.7960838984787036e-08,0.000990099,1
60168224.272876,31.379523,3.137952321271039e-08,1.782178217,0
13980455.992597,28.702057,2.870205727080283e-08,0.396039603,0
80000000.0,32.645436,3.2645436484393776e-08,2.416918429,0
97545454.545454,33.830382,3.3830382106244145e-08,3.0,0
73310559.006211,32.210003,3.2210003106554825e-08,2.2,0
35411.372207,27.960839,2.7960838984787036e-08,0.000990099,1
97545454.545454,33.830382,3.3830382106244145e-08,3.0,0
67062499.999999,31.811121,3.1811121466293816e-08,2.0,0
24229032.226263,29.26575,2.9265750339326476e-08,0.693069306,1
34281150.129545,29.834925,2.98349250260212e-08,0.990099009,0
66439628.45773,31.771763,3.177176344623955e-08,1.980198019,0
67062499.999999,31.811121,3.1811121466293816e-08,2.0,0
62686140.440447,31.536127,3.153612695354884e-08,1.861386138,0
73310559.006211,32.210003,3.2210003106554825e-08,2.2,0
66433395.87242,31.77137,3.1771369990680314e-08,1.98,0
112104475.239073,34.863311,3.4863311415264284e-08,3.499999917,0
55413145.529077,31.086942,3.108694184384623e-08,1.633663366,0
34281150.129545,29.834925,2.98349250260212e-08,0.990099009,1
34281150.129545,29.834925,2.98349250260212e-08,0.990099009,0
60168224.272876,31.379523,3.137952321271039e-08,1.782178217,0
34281150.129545,29.834925,2.98349250260212e-08,0.990099009,0
34281150.129545,29.834925,2.98349250260212e-08,0.990099009,1
32619199.98635,29.739682,2.973968191127138e-08,0.940594059,1
35937799.02983,29.93032,2.993032040986789e-08,1.03960396,1
100000000.0,34.001282,3.4001282309932404e-08,3.083247688,0
55413145.529077,31.086942,3.108694184384623e-08,1.633663366,0
70196261.682242,32.010252,3.201025163094122e-08,2.1,0
63313664.57056,31.575339,3.1575338795132114e-08,1.881188118,0
78752293.554569,32.563553,3.2563552737525916e-08,2.376237623,0
1061325.409773,28.014385,2.8014385227288803e-08,0.02970297,1
67062499.999999,31.811121,3.1811121466293816e-08,2.0,0
34281150.129545,29.834925,2.98349250260212e-08,0.990099009,0
50000000.0,30.758823,3.07588227368759e-08,1.46627566,0
1767710.031775,28.051344,2.8051343514758427e-08,0.04950495,1
96666666.645849,33.769509,3.376950873502591e-08,2.970297029,0
27601286.142372,29.454866,2.945486616620569e-08,0.792079207,1
34281150.129545,29.834925,2.98349250260212e-08,0.990099009,0
66439628.45773,31.771763,3.177176344623955e-08,1.980198019,0
51095238.095238,30.82479,3.082479030754892e-08,1.5,0
34281150.129545,29.834925,2.98349250260212e-08,0.990099009,0
66127903.353518,31.752094,3.1752093573236554e-08,1.970297029,0
97545454.545454,33.830382,3.3830382106244145e-08,3.0,0
34281150.129545,29.834925,2.98349250260212e-08,0.990099009,0
34281150.129545,29.834925,2.98349250260212e-08,0.990099009,0
82538461.538461,32.812985,3.281298539919226e-08,2.5,0
31252427.184466,29.661696,2.9661696178937557e-08,0.9,1
1061325.409773,28.014385,2.8014385227288803e-08,0.02970297,0
112104475.239073,34.863311,3.4863311415264284e-08,3.499999917,0
55413145.529077,31.086942,3.108694184384623e-08,1.633663366,0
126235294.117647,35.911774,3.5911773842808325e-08,4.0,0
27601286.142372,29.454866,2.945486616620569e-08,0.792079207,0
97545454.545454,33.830382,3.3830382106244145e-08,3.0,0
66439628.45773,31.771763,3.177176344623955e-08,1.980198019,0
34281150.129545,29.834925,2.98349250260212e-08,0.990099009,0
21039219.431372,29.088537,2.9088537019791604e-08,0.600000109,1
60000000.0,31.369102,3.136910197053312e-08,1.776900296,0
96666666.645849,33.769509,3.376950873502591e-08,2.970297029,0
112104475.239073,34.863311,3.4863311415264284e-08,3.499999917,0
3001645.518858,28.116079,2.8116079140690125e-08,0.084158415,0
67062499.999999,31.811121,3.1811121466293816e-08,2.0,0
67062499.999999,31.811121,3.1811121466293816e-08,2.0,1
67062499.999999,31.811121,3.1811121466293816e-08,2.0,0
66439628.45773,31.771763,3.177176344623955e-08,1.980198019,0
34281150.129545,29.834925,2.98349250260212e-08,0.990099009,0
34281150.129545,29.834925,2.98349250260212e-08,0.990099009,1
1767710.031775,28.051344,2.8051343514758427e-08,0.04950495,1
339670.109962,27.976703,2.7976703347224224e-08,0.009499842,1
81783536.562398,32.763023,3.276302273206171e-08,2.475247524,0
34281150.129545,29.834925,2.98349250260212e-08,0.990099009,0
34281150.129545,29.834925,2.98349250260212e-08,0.990099009,1
57003124.97333,31.184317,3.1184316698974405e-08,1.683168316,0
27601286.142372,29.454866,2.945486616620569e-08,0.792079207,0
34281150.129545,29.834925,2.98349250260212e-08,0.990099009,1
6642623.747737,28.308406,2.8308406405076366e-08,0.18687798,1
67062499.999999,31.811121,3.1811121466293816e-08,2.0,0
13980455.992597,28.702057,2.870205727080283e-08,0.396039603,1
66439628.45773,31.771763,3.177176344623955e-08,1.980198019,0
53818181.791024,30.989719,3.0989719253923995e-08,1.584158415,0
66439628.45773,31.771763,3.177176344623955e-08,1.980198019,0
34281150.129545,29.834925,2.98349250260212e-08,0.990099009,1
67062499.999999,31.811121,3.1811121466293816e-08,2.0,0
67062499.999999,31.811121,3.1811121466293816e-08,2.0,0
97545454.545454,33.830382,3.3830382106244145e-08,3.0,0
30951923.046196,29.644591,2.9644591061770616e-08,0.891089108,1
112104477.61194,34.863312,3.48633115874495e-08,3.5,0
67062499.999999,31.811121,3.1811121466293816e-08,2.0,0
66439628.45773,31.771763,3.177176344623955e-08,1.980198019,0
97545454.545454,33.830382,3.3830382106244145e-08,3.0,0
34281150.129545,29.834925,2.98349250260212e-08,0.990099009,0
18787937.731226,28.964432,2.8964431880324186e-08,0.534653465,0
34281150.129545,29.834925,2.98349250260212e-08,0.990099009,1
17418831.135929,28.889346,2.8889345891625006e-08,0.495049504,1
96666666.645849,33.769509,3.376950873502591e-08,2.970297029,0
97545454.545454,33.830382,3.3830382106244145e-08,3.0,0
96666666.645849,33.769509,3.376950873502591e-08,2.970297029,0
47388012.590148,30.602352,3.0602351569880334e-08,1.386138613,0
126235294.117646,35.911774,3.5911773842808246e-08,4.0,0
66439628.45773,31.771763,3.177176344623955e-08,1.980198019,1
67062499.999999,31.811121,3.1811121466293816e-08,2.0,0
67062499.999999,31.811121,3.1811121466293816e-08,2.0,0
24229032.226263,29.26575,2.9265750339326476e-08,0.693069306,0
30951923.046196,29.644591,2.9644591061770616e-08,0.891089108,1
34281150.129545,29.834925,2.98349250260212e-08,0.990099009,1
66439628.45773,31.771763,3.177176344623955e-08,1.980198019,0
153285714.285714,38.055297,3.805529667598631e-08,5.0,0
66439628.45773,31.771763,3.177176344623955e-08,1.980198019,0
60168224.272876,31.379523,3.137952321271039e-08,1.782178217,0
34281150.129545,29.834925,2.98349250260212e-08,0.990099009,0
34281150.129545,29.834925,2.98349250260212e-08,0.990099009,1
50000000.0,30.758823,3.07588227368759e-08,1.46627566,0
17590167.065573,28.898726,2.8898726483990538e-08,0.50000009,1
111109467.436838,34.791221,3.479122145513215e-08,3.465346534,0
66439628.45773,31.771763,3.177176344623955e-08,1.980198019,0
41269230.76923,30.240447,3.0240447343895573e-08,1.2,0
15702439.008573,28.795625,2.8795625448574022e-08,0.445544554,0
34281150.129545,29.834925,2.98349250260212e-08,0.990099009,0
8780687.380987,28.422266,2.8422266344294862e-08,0.247524752,0
67062499.999999,31.811121,3.1811121466293816e-08,2.0,0
34281150.129545,29.834925,2.98349250260212e-08,0.990099009,1
66439628.45773,31.771763,3.177176344623955e-08,1.980198019,0
153285714.285714,38.055297,3.805529667598631e-08,5.0,0
67062499.999999,31.811121,3.1811121466293816e-08,2.0,0
55938388.625592,31.119059,3.111905871388628e-08,1.65,0
34281150.129545,29.834925,2.98349250260212e-08,0.990099009,0
10120778.357362,28.493982,2.8493981799921442e-08,0.285661197,0
97545454.545454,33.830382,3.3830382106244145e-08,3.0,0
34612903.225806,29.853992,2.985399192295741e-08,1.0,0
34281150.129545,29.834925,2.98349250260212e-08,0.990099009,1
67062499.999999,31.811121,3.1811121466293816e-08,2.0,0
97545454.545454,33.830382,3.3830382106244145e-08,3.0,0
96666666.645849,33.769509,3.376950873502591e-08,2.970297029,0
11139625.500715,28.548688,2.854868756007091e-08,0.314720064,0
34281150.129545,29.834925,2.98349250260212e-08,0.990099009,0
17418831.135929,28.889346,2.8889345891625006e-08,0.495049504,0
52218210.34985,30.892649,3.089264893313564e-08,1.534653465,0
30951923.046196,29.644591,2.9644591061770616e-08,0.891089108,1
41956331.455411,30.280766,3.028076601553739e-08,1.220792079,0
97545454.545454,33.830382,3.3830382106244145e-08,3.0,0
97545454.545454,33.830382,3.3830382106244145e-08,3.0,0
100000000.0,34.001282,3.4001282309932404e-08,3.083247688,0
63313664.57056,31.575339,3.1575338795132114e-08,1.881188118,0
35411.372207,27.960839,2.7960838984787036e-08,0.000990099,1
66439628.45773,31.771763,3.177176344623955e-08,1.980198019,0
34612903.225806,29.853992,2.985399192295741e-08,1.0,0
40876190.447028,30.21742,3.021742016057939e-08,1.188118811,0
96666666.645849,33.769509,3.376950873502591e-08,2.970297029,0
34281150.129545,29.834925,2.98349250260212e-08,0.990099009,1
66439628.45773,31.771763,3.177176344623955e-08,1.980198019,0
34944444.44113,29.873065,2.987306490865495e-08,1.00990099,0
17418831.135929,28.889346,2.8889345891625006e-08,0.495049504,0
66439628.45773,31.771763,3.177176344623955e-08,1.980198019,0
34281150.129545,29.834925,2.98349250260212e-08,0.990099009,0
34281150.129545,29.834925,2.98349250260212e-08,0.990099009,1
13662906.102255,28.684852,2.8684852229797545e-08,0.386928,1
7036065.53917,28.329307,2.8329307235215518e-08,0.198019801,0
66439628.45773,31.771763,3.177176344623955e-08,1.980198019,0
741356005.0,292.668984,2.9266898446933064e-07,67.061911222,0
67062499.999999,31.811121,3.1811121466293816e-08,2.0,0
34281150.129545,29.834925,2.98349250260212e-08,0.990099009,0
50613207.51952,30.795731,3.079573087755936e-08,1.485148514,0
96666666.645849,33.769509,3.376950873502591e-08,2.970297029,0
34281150.129545,29.834925,2.98349250260212e-08,0.990099009,0
17418831.135929,28.889346,2.8889345891625006e-08,0.495049504,0
34281150.129545,29.834925,2.98349250260212e-08,0.990099009,0
32619199.98635,29.739682,2.973968191127138e-08,0.940594059,1
34281150.129545,29.834925,2.98349250260212e-08,0.990099009,0
1428761.651131,28.0336,2.803360049704873e-08,0.04,1
66439628.45773,31.771763,3.177176344623955e-08,1.980198019,0
66439628.45773,31.771763,3.177176344623955e-08,1.980198019,0
460165.600916,27.98299,2.7982989838149394e-08,0.012871287,1
66439628.45773,31.771763,3.177176344623955e-08,1.980198019,1
50000000.0,30.758823,3.07588227368759e-08,1.46627566,1
34281150.129545,29.834925,2.98349250260212e-08,0.990099009,0
72633846.129529,32.16644,3.2166439954511366e-08,2.178217821,0
66439628.45773,31.771763,3.177176344623955e-08,1.980198019,0
3529605.227977,28.143846,2.814384582045034e-08,0.0990099,0
96666666.645849,33.769509,3.376950873502591e-08,2.970297029,0
66439628.45773,31.771763,3.177176344623955e-08,1.980198019,0
34281150.129545,29.834925,2.98349250260212e-08,0.990099009,1
81783536.562398,32.763023,3.276302273206171e-08,2.475247524,0
67062499.999999,31.811121,3.1811121466293816e-08,2.0,0
2120553.33852,28.069832,2.8069831794523365e-08,0.05940594,1
10519607.80911,28.515378,2.851537771866636e-08,0.297029702,0
34281150.129545,29.834925,2.98349250260212e-08,0.990099009,0
5692307.692307,28.258018,2.825801801801798e-08,0.16,0
34281150.129545,29.834925,2.98349250260212e-08,0.990099009,0
17418831.135929,28.889346,2.8889345891625006e-08,0.495049504,0
96666666.645849,33.769509,3.376950873502591e-08,2.970297029,0
96666666.645849,33.769509,3.376950873502591e-08,2.970297029,0
96666666.645849,33.769509,3.376950873502591e-08,2.970297029,0
34281150.129545,29.834925,2.98349250260212e-08,0.990099009,0
34281150.129545,29.834925,2.98349250260212e-08,0.990099009,0
96666666.645849,33.769509,3.376950873502591e-08,2.970297029,0
51095238.095238,30.82479,3.082479030754892e-08,1.5,0
67062499.999999,31.811121,3.1811121466293816e-08,2.0,0
47383483.081629,30.602081,3.060208126747439e-08,1.386,0
50613207.51952,30.795731,3.079573087755936e-08,1.485148514,0
66439628.45773,31.771763,3.177176344623955e-08,1.980198019,0
64879069.757751,31.673475,3.167347498809207e-08,1.930693069,0
97545454.545454,33.830382,3.3830382106244145e-08,3.0,0
96666666.645849,33.769509,3.376950873502591e-08,2.970297029,1
59220767.055275,31.320897,3.132089730696943e-08,1.752475247,0
81783536.562398,32.763023,3.276302273206171e-08,2.475247524,0
97545454.545454,33.830382,3.3830382106244145e-08,3.0,0
29614249.358011,29.568628,2.9568628035237453e-08,0.851485158,0
37951775.244373,30.046909,3.004690937016811e-08,1.100000203,1
67062500.0,31.811121,3.181112146629388e-08,2.0,0
1414634.132213,28.032861,2.8032861325680223e-08,0.03960396,0
96666666.645849,33.769509,3.376950873502591e-08,2.970297029,0
1414634.132213,28.032861,2.8032861325680223e-08,0.03960396,1
34281150.129545,29.834925,2.98349250260212e-08,0.990099009,0
48070083.097409,30.643096,3.0643095637128236e-08,1.407025465,0
63313664.57056,31.575339,3.1575338795132114e-08,1.881188118,0
3529605.227977,28.143846,2.814384582045034e-08,0.0990099,1
50613207.51952,30.795731,3.079573087755936e-08,1.485148514,0
27601286.142372,29.454866,2.945486616620569e-08,0.792079207,0
15405624.698308,28.779465,2.8779464707646028e-08,0.436999999,0
96666666.645849,33.769509,3.376950873502591e-08,2.970297029,0
66439628.45773,31.771763,3.177176344623955e-08,1.980198019,0
97545454.545454,33.830382,3.3830382106244145e-08,3.0,0
27601286.142372,29.454866,2.945486616620569e-08,0.792079207,0
20000000.0,29.03115,2.9031149638936915e-08,0.56980057,0
34281150.129545,29.834925,2.98349250260212e-08,0.990099009,0
58822306.238185,31.296291,3.1296290773532144e-08,1.74,0
66439628.45773,31.771763,3.177176344623955e-08,1.980198019,0
66439628.45773,31.771763,3.177176344623955e-08,1.980198019,0
96666666.645849,33.769509,3.376950873502591e-08,2.970297029,0
34612909.387096,29.853992,2.98539922772359e-08,1.000000184,1
72633846.129529,32.16644,3.2166439954511366e-08,2.178217821,0
34281150.129545,29.834925,2.98349250260212e-08,0.990099009,0
67062499.999999,31.811121,3.1811121466293816e-08,2.0,0
96666666.645849,33.769509,3.376950873502591e-08,2.970297029,0
97545454.545454,33.830382,3.3830382106244145e-08,3.0,0
97545454.545454,33.830382,3.3830382106244145e-08,3.0,0
67728492.373802,31.853285,3.185328516433672e-08,2.0212,0
60735849.056603,31.414725,3.141472506989743e-08,1.8,0
224125326.366102,44.671838,4.467183820747892e-08,7.920792079,1
34281150.129545,29.834925,2.98349250260212e-08,0.990099009,0
1767710.031775,28.051344,2.8051343514758427e-08,0.04950495,1
153285714.285713,38.055297,3.8055296675986225e-08,5.0,1
66439628.45773,31.771763,3.177176344623955e-08,1.980198019,0
34281150.129545,29.834925,2.98349250260212e-08,0.990099009,0
34281150.129545,29.834925,2.98349250260212e-08,0.990099009,0
67062500.0,31.811121,3.181112146629388e-08,2.0,0
50613207.51952,30.795731,3.079573087755936e-08,1.485148514,0
82538461.538461,32.812985,3.281298539919226e-08,2.5,0
96666666.645849,33.769509,3.376950873502591e-08,2.970297029,0
49470588.235294,30.727011,3.0727011494252865e-08,1.45,0
40876190.447028,30.21742,3.021742016057939e-08,1.188118811,1
82538461.538461,32.812985,3.281298539919226e-08,2.5,0
66439628.45773,31.771763,3.177176344623955e-08,1.980198019,0
34281150.129545,29.834925,2.98349250260212e-08,0.990099009,0
34281150.129545,29.834925,2.98349250260212e-08,0.990099009,1
5636244.234085,28.25505,2.8255049581816658e-08,0.158415841,1
66439628.45773,31.771763,3.177176344623955e-08,1.980198019,0
34281150.129545,29.834925,2.98349250260212e-08,0.990099009,0
97545454.545454,33.830382,3.3830382106244145e-08,3.0,0
15702439.008573,28.795625,2.8795625448574022e-08,0.445544554,0
67062500.0,31.811121,3.181112146629388e-08,2.0,0
67062499.999999,31.811121,3.1811121466293816e-08,2.0,0
151983002.819554,37.94772,3.794771991830293e-08,4.950495049,0
70820.407185,27.962685,2.7962684554246128e-08,0.001980198,1
34281150.129545,29.834925,2.98349250260212e-08,0.990099009,0
96666666.645849,33.769509,3.376950873502591e-08,2.970297029,0
22599418.0,29.175014,2.9175013740734715e-08,0.645451413,1
2120553.33852,28.069832,2.8069831794523365e-08,0.05940594,1
81783536.562398,32.763023,3.276302273206171e-08,2.475247524,0
245725190.837379,47.035025,4.7035024707673785e-08,8.910891089,0
97545454.545454,33.830382,3.3830382106244145e-08,3.0,0
34281150.129545,29.834925,2.98349250260212e-08,0.990099009,0
34281150.129545,29.834925,2.98349250260212e-08,0.990099009,1
66439628.45773,31.771763,3.177176344623955e-08,1.980198019,1
50613207.51952,30.795731,3.079573087755936e-08,1.485148514,1
67062500.0,31.811121,3.181112146629388e-08,2.0,0
34281150.129545,29.834925,2.98349250260212e-08,0.990099009,1
70851872.606705,32.052148,3.2052147903075425e-08,2.121,0
66439628.45773,31.771763,3.177176344623955e-08,1.980198019,0
96666666.645849,33.769509,3.376950873502591e-08,2.970297029,0
81783536.562398,32.763023,3.276302273206171e-08,2.475247524,0
126235294.117647,35.911774,3.5911773842808325e-08,4.0,0
66439628.45773,31.771763,3.177176344623955e-08,1.980198019,0
34281150.129545,29.834925,2.98349250260212e-08,0.990099009,0
30283515.049687,29.606597,2.9606597357546393e-08,0.871287128,0
2120553.33852,28.069832,2.8069831794523365e-08,0.05940594,1
58588143.515296,31.281844,3.128184382324249e-08,1.732673267,0
28608737.544819,29.51172,2.9511719684003645e-08,0.821782178,0
66439628.45773,31.771763,3.177176344623955e-08,1.980198019,0
66439628.45773,31.771763,3.177176344623955e-08,1.980198019,0
389396.584804,27.979297,2.7979297420186973e-08,0.010891089,1
59852602.033667,31.359975,3.135997515344333e-08,1.772277227,1
34281150.129545,29.834925,2.98349250260212e-08,0.990099009,0
66439628.45773,31.771763,3.177176344623955e-08,1.980198019,0
125131195.318419,35.828161,3.582816089238039e-08,3.960396039,0
25489424.015619,29.336219,2.9336219322771e-08,0.73,0
96666666.645849,33.769509,3.376950873502591e-08,2.970297029,0
34281150.129545,29.834925,2.98349250260212e-08,0.990099009,0
96666666.645849,33.769509,3.376950873502591e-08,2.970297029,0
34281150.129545,29.834925,2.98349250260212e-08,0.990099009,0
27601286.142372,29.454866,2.945486616620569e-08,0.792079207,0
3529605.227977,28.143846,2.814384582045034e-08,0.0990099,0
27601286.142372,29.454866,2.945486616620569e-08,0.792079207,1
60000000.0,31.369102,3.136910197053312e-08,1.776900296,0
12617711.351066,28.628332,2.8628332083454517e-08,0.356976295,1
96666666.645849,33.769509,3.376950873502591e-08,2.970297029,0
40876190.447028,30.21742,3.021742016057939e-08,1.188118811,0
66439628.45773,31.771763,3.177176344623955e-08,1.980198019,0
34281150.129545,29.834925,2.98349250260212e-08,0.990099009,0
50613207.51952,30.795731,3.079573087755936e-08,1.485148514,0
96666666.645849,33.769509,3.376950873502591e-08,2.970297029,0
34281150.129545,29.834925,2.98349250260212e-08,0.990099009,1
27601286.142372,29.454866,2.945486616620569e-08,0.792079207,1
66439628.45773,31.771763,3.177176344623955e-08,1.980198019,0
10415453.310036,28.509788,2.8509787840041528e-08,0.294059988,1
97545454.545454,33.830382,3.3830382106244145e-08,3.0,0
66439628.45773,31.771763,3.177176344623955e-08,1.980198019,0
62999999.977409,31.55573,3.1555729828997145e-08,1.871287128,0
7734600.25584,28.366473,2.836647260791279e-08,0.217821782,1
34281150.129545,29.834925,2.98349250260212e-08,0.990099009,0
178833333.333332,40.260951,4.026095060577808e-08,6.0,1
