{
    "(3.1e-08, 3.2e-08, 5, 20)": [
        -0.10130052510355834,
        0.06586486620347139,
        -0.11680310986143831,
        -0.058322592097126084,
        -0.08749791797577453,
        3.144992798955621e-11,
        -0.09949404189894345,
        -0.10519791223379006,
        -0.004422143328190049,
        -0.019375921333549827,
        -0.06086911954177176,
        -0.09960733030042478,
        0.00599476194291465,
        0.5769066325350378,
        -0.02281950985729699,
        -0.04105237518638068,
        -0.12109374996805902,
        0.25715444798724213,
        -0.12109374999267486,
        0.029894587101822172,
        0.004496303101510219
    ],
    "(3.2e-08, 3.3e-08, 5, 20)": [
        -0.06283020572926042,
        -0.010550740727173937,
        0.3065715633161986,
        -0.07242762236182453,
        0.0701416315392444,
        -0.1264774644395923,
        0.2996027080866015,
        -0.09274982907056352,
        0.5135540851072312,
        -0.12188946025013446,
        0.12903803694148916,
        -0.005506306351737836,
        0.0,
        -0.08645071780791637,
        -0.029941462320554182,
        -0.03458553861177538,
        -0.0003760852787065902,
        -0.03538382821681523,
        -0.11793424750906477,
        -0.13035823727093143,
        -0.1154554125321702,
        -0.14504706768865075,
        0.22579077682586363,
        -0.07242762233190105,
        2.7854696737035125e-10,
        -0.13359310778893438,
        -0.04643652125109262,
        -0.14313782162755587
    ],
    "(3.5e-08, 3.6e-08, 5, 20)": [
        -0.20032529128477586,
        0.0,
        -0.20291501798801515,
        0.02345357525362639,
        -0.139669423715164,
        -0.11587525469859118,
        -0.09235416469490855,
        0.0,
        -0.22145862114438847
    ],
    "(31.863627902, 31.863627903, 5, 20)": [
        0.05606140507759374
    ],
    "(29.522191613, 29.522191614, 5, 20)": [
        -0.21530251366345596
    ],
    "(29.134740625, 29.134740626, 5, 20)": [
        0.15625791333324685
    ],
    "(35.304293208, 35.304293209, 5, 20)": [
        0.0
    ],
    "(33.496183117, 33.496183118, 5, 20)": [
        0.061270313605184985
    ],
    "(3.8e-08, 3.9e-08, 5, 20)": [
        -0.16707602902800597,
        -0.05524713375249103,
        0.34064276697653306,
        -0.07771620418315364,
        -0.2594829506064402,
        -0.2570341282167844,
        -0.17101068379837797,
        0.14340159558155807,
        -0.09042889196701553
    ],
    "(2.8e-08, 2.9e-08, 5, 20)": [
        0.007251275782218295,
        -0.009675944880611569,
        -0.0013315577418360838,
        -0.004822400056927748,
        -0.023212405514618516,
        -0.009991170144246511,
        -0.016217747339504616,
        6.655573449777808e-11,
        0.054081312903109746,
        0.0
    ],
    "(2.9e-08, 3e-08, 5, 20)": [
        0.021118243214851024,
        -0.003484625870588886,
        -0.05773324923090726,
        -0.06133498473216715,
        -0.026612245297923387,
        0.06545576283461954
    ],
    "(3.4e-08, 3.5e-08, 5, 20)": [
        -0.09183378140442175,
        -0.018185870006493327,
        0.27905586948660516,
        -0.11794310164910768,
        -0.07986566215741779,
        -0.18947647495352068,
        -0.05823114192771414,
        -0.08078628346824906,
        -0.005315509926746588,
        -0.17836239995581737,
        -0.010757371262314902,
        -0.08546979581869775
    ],
    "(3.3e-08, 3.4e-08, 5, 20)": [
        0.3905724520275528,
        -0.1741729621984646,
        -0.05911764162691381,
        -0.0012761549868252836,
        0.9367488556360881,
        -0.08168992263857781,
        0.1137344501395184,
        9.132960628788476e-11,
        -0.16624746518628078,
        0.11050085226211656,
        -0.03741617469269272,
        -0.08542290054466478
    ],
    "(2.7e-08, 2.8e-08, 5, 20)": [
        0.0505736016761753,
        3.3332745793355896e-11,
        0.0,
        0.0,
        0.0,
        0.0,
        0.0,
        0.0,
        0.0,
        0.0,
        0.0,
        0.0,
        0.0,
        0.0,
        0.0,
        0.0,
        0.0,
        0.0,
        0.0,
        0.0,
        0.0,
        0.0,
        0.0,
        0.0,
        0.0,
        0.00012431399336289056,
        0.0,
        0.0,
        0.0,
        0.0013066389633148241
    ],
    "(3e-08, 3.1e-08, 5, 20)": [
        -0.08391155401530197,
        0.18270356860040055,
        0.0,
        -0.006199077915919248,
        0.2609957705228669,
        0.016063845172691753,
        6.34770496553814e-05,
        0.03966149814899078,
        0.7093123076993565
    ],
    "(4.1e-08, 4.2e-08, 5, 20)": [
        0.8516681841514484
    ],
    "(3.9e-08, 4e-08, 5, 20)": [
        -0.09154562619561331,
        -0.08547738361643158,
        -0.2925600965991219
    ],
    "(4.6e-08, 4.7e-08, 5, 20)": [
        0.37892547794031944
    ],
    "(5.4e-08, 5.5e-08, 5, 20)": [
        1.2468514212681414,
        -0.38368044906033005
    ],
    "(3.6e-08, 3.7e-08, 5, 20)": [
        -0.23534477289433947,
        -0.2341054015730788,
        -0.002880948835089742,
        0.028095230166527964
    ],
    "(1.52e-07, 1.53e-07, 5, 20)": [
        0.07438414105972344
    ],
    "(3.7e-08, 3.8e-08, 5, 20)": [
        -0.034038885056509545,
        -0.2262178501094173,
        -0.010975700872866269,
        0.0009536142986132247
    ],
    "(5.7e-08, 5.8e-08, 5, 20)": [
        -0.13396799024010872
    ],
    "(1.29e-07, 1.3e-07, 5, 20)": [
        0.5139608869510816
    ],
    "(7.9e-08, 8e-08, 5, 20)": [
        0.0
    ],
    "(4.5e-08, 4.6e-08, 5, 20)": [
        0.8270921459363061
    ]
}